<?xml version="1.0" encoding="UTF-8" standalone="yes"?>
<SyncObject Generated="false" SourceName="SystemConfig" GlobalName="SystemConfig">
    <SyncAttributes>
        <Key>
            <Attribute GlobalName="sysConfigId"/>
        </Key>
        <SyncAttribute SourceName="changedDate" GlobalName="changedDate" Type="timestamp" IsNullable="true" Autogenerated="false"/>
        <SyncAttribute SourceName="createdDate" GlobalName="createdDate" Type="timestamp" IsNullable="true" Autogenerated="false"/>
        <SyncAttribute SourceName="name" GlobalName="name" Type="string" IsNullable="true" Autogenerated="false"/>
        <SyncAttribute SourceName="section" GlobalName="section" Type="string" IsNullable="true" Autogenerated="false"/>
        <SyncAttribute SourceName="subSection" GlobalName="subSection" Type="string" IsNullable="true" Autogenerated="false"/>
        <SyncAttribute SourceName="sysConfigId" GlobalName="sysConfigId" Type="string" IsNullable="false" Autogenerated="false"/>
        <SyncAttribute SourceName="type" GlobalName="type" Type="string" IsNullable="true" Autogenerated="false"/>
        <SyncAttribute SourceName="value" GlobalName="value" Type="string" IsNullable="true" Autogenerated="false"/>
    </SyncAttributes>
    <Relationships/>
    <FilterParameters>
        <ClientFilterParameters/>
        <ServerFilterParameters/>
    </FilterParameters>
    <Operations>
        <Operation Name="Create" DataSource="CarelogicServices" ServiceID="None">
            <InputHeader/>
            <Input/>
            <Output/>
        </Operation>
        <Operation Name="Update" DataSource="CarelogicServices" ServiceID="None">
            <InputHeader/>
            <Input/>
            <Output/>
        </Operation>
        <Operation Name="Delete" DataSource="CarelogicServices" ServiceID="None">
            <InputHeader/>
            <Input/>
            <Output/>
        </Operation>
        <Operation Name="BulkCreate" DataSource="CarelogicServices" ServiceID="None">
            <InputHeader/>
            <Input/>
            <Output/>
        </Operation>
        <Operation Name="BulkUpdate" DataSource="CarelogicServices" ServiceID="None">
            <InputHeader/>
            <Input/>
            <Output/>
        </Operation>
        <Operation Name="BulkDelete" DataSource="CarelogicServices" ServiceID="None">
            <InputHeader/>
            <Input/>
            <Output/>
        </Operation>
        <Operation Name="BulkGet" DataSource="CarelogicServices" ServiceID="None">
            <InputHeader/>
            <Input/>
            <Output/>
        </Operation>
        <Operation Name="get" DataSource="CarelogicServices" ServiceID="None">
            <InputHeader/>
            <Input/>
            <Output/>
        </Operation>
        <Operation Name="getUpdated" DataSource="CarelogicServices" ServiceID="getSystemConfiguration">
            <InputHeader>
                <Param Name="Authorization" SourceValue="Authorization" Source="CONTEXT"/>
                <Param Name="Content-Type" SourceValue="application/json" Source="CONSTANT"/>
            </InputHeader>
            <Input>
                <Param Name="lastSync" SourceValue="lastSync" Source="CONTEXT"/>
                <Param Name="deviceId" SourceValue="deviceId" Source="CONTEXT"/>
                <Param Name="syncId" SourceValue="syncId" Source="CONTEXT"/>
            </Input>
            <Output>
                <Param Name="systemConfig.name" SourceValue="name" Source="ATTRIBUTE"/>
                <Param Name="systemConfig.section" SourceValue="section" Source="ATTRIBUTE"/>
                <Param Name="systemConfig.subSection" SourceValue="subSection" Source="ATTRIBUTE"/>
                <Param Name="systemConfig.sysConfigId" SourceValue="sysConfigId" Source="ATTRIBUTE"/>
                <Param Name="systemConfig.type" SourceValue="type" Source="ATTRIBUTE"/>
                <Param Name="systemConfig.value" SourceValue="value" Source="ATTRIBUTE"/>
            </Output>
        </Operation>
        <Operation Name="getDeleted" DataSource="CarelogicServices" ServiceID="None">
            <InputHeader/>
            <Input/>
            <Output/>
        </Operation>
        <Operation Name="getBatch" DataSource="CarelogicServices" ServiceID="None">
            <InputHeader/>
            <Input/>
            <Output/>
        </Operation>
    </Operations>
</SyncObject>
