<?xml version="1.0" encoding="UTF-8" standalone="yes"?>
<SyncObject Generated="false" SourceName="ADDRESS" GlobalName="ADDRESS">
    <SyncAttributes>
        <Key>
            <Attribute GlobalName="address_id"/>
        </Key>
        <SyncAttribute SourceName="address_id" GlobalName="address_id" Type="string" IsNullable="true" Autogenerated="false"/>
        <SyncAttribute SourceName="address_line1" GlobalName="address_line1" Type="string" IsNullable="true" Autogenerated="false"/>
        <SyncAttribute SourceName="address_type" GlobalName="address_type" Type="string" IsNullable="true" Autogenerated="false"/>
        <SyncAttribute SourceName="aptSuite" GlobalName="aptSuite" Type="string" IsNullable="true" Autogenerated="false"/>
        <SyncAttribute SourceName="city" GlobalName="city" Type="string" IsNullable="true" Autogenerated="false"/>
        <SyncAttribute SourceName="clientId" GlobalName="clientId" Type="string" IsNullable="true" Autogenerated="false"/>
        <SyncAttribute SourceName="countryId" GlobalName="countryId" Type="string" IsNullable="true" Autogenerated="false"/>
        <SyncAttribute SourceName="county" GlobalName="county" Type="string" IsNullable="true" Autogenerated="false"/>
        <SyncAttribute SourceName="line2" GlobalName="line2" Type="string" IsNullable="true" Autogenerated="false"/>
        <SyncAttribute SourceName="postalCode" GlobalName="postalCode" Type="string" IsNullable="true" Autogenerated="false"/>
        <SyncAttribute SourceName="postalCodePlus" GlobalName="postalCodePlus" Type="string" IsNullable="true" Autogenerated="false"/>
        <SyncAttribute SourceName="state" GlobalName="state" Type="string" IsNullable="true" Autogenerated="false"/>
        <SyncAttribute SourceName="timestamp" GlobalName="timestamp" Type="string" IsNullable="true" Autogenerated="false"/>
        <SyncAttribute SourceName="iSModified" GlobalName="iSModified" Type="boolean" IsNullable="true" Autogenerated="false"/>
    </SyncAttributes>
    <Relationships/>
    <FilterParameters>
        <ClientFilterParameters/>
        <ServerFilterParameters/>
    </FilterParameters>
    <Operations>
        <Operation Name="Create" DataSource="CarelogicServices" ServiceID="None">
            <InputHeader/>
            <Input/>
            <Output/>
        </Operation>
        <Operation Name="Update" DataSource="CarelogicServices" ServiceID="None">
            <InputHeader/>
            <Input/>
            <Output/>
        </Operation>
        <Operation Name="Delete" DataSource="CarelogicServices" ServiceID="None">
            <InputHeader/>
            <Input/>
            <Output/>
        </Operation>
        <Operation Name="BulkCreate" DataSource="CarelogicServices" ServiceID="None">
            <InputHeader/>
            <Input/>
            <Output/>
        </Operation>
        <Operation Name="BulkUpdate" DataSource="CarelogicServices" ServiceID="None">
            <InputHeader/>
            <Input/>
            <Output/>
        </Operation>
        <Operation Name="BulkDelete" DataSource="CarelogicServices" ServiceID="None">
            <InputHeader/>
            <Input/>
            <Output/>
        </Operation>
        <Operation Name="BulkGet" DataSource="CarelogicServices" ServiceID="None">
            <InputHeader/>
            <Input/>
            <Output/>
        </Operation>
        <Operation Name="get" DataSource="CarelogicServices" ServiceID="None">
            <InputHeader/>
            <Input/>
            <Output/>
        </Operation>
        <Operation Name="getUpdated" DataSource="CarelogicServices" ServiceID="getClientAddresses">
            <InputHeader>
                <Param Name="Authorization" SourceValue="Authorization" Source="CONTEXT"/>
                <Param Name="Content-Type" SourceValue="application/json" Source="CONSTANT"/>
            </InputHeader>
            <Input>
                <Param Name="deviceId" SourceValue="deviceId" Source="CONTEXT"/>
                <Param Name="lastSync" SourceValue="lastSync" Source="CONTEXT"/>
                <Param Name="syncId" SourceValue="syncId" Source="CONTEXT"/>
            </Input>
            <Output>
                <Param Name="address.clientId" SourceValue="clientId" Source="ATTRIBUTE"/>
                <Param Name="address.address_type" SourceValue="address_type" Source="ATTRIBUTE"/>
                <Param Name="address.address_line1" SourceValue="address_line1" Source="ATTRIBUTE"/>
                <Param Name="address.city" SourceValue="city" Source="ATTRIBUTE"/>
                <Param Name="address.aptSuite" SourceValue="aptSuite" Source="ATTRIBUTE"/>
                <Param Name="address.postalCode" SourceValue="postalCode" Source="ATTRIBUTE"/>
                <Param Name="address.postalCodePlus" SourceValue="postalCodePlus" Source="ATTRIBUTE"/>
                <Param Name="address.address_id" SourceValue="address_id" Source="ATTRIBUTE"/>
                <Param Name="address.county" SourceValue="county" Source="ATTRIBUTE"/>
                <Param Name="address.state" SourceValue="state" Source="ATTRIBUTE"/>
                <Param Name="address.line2" SourceValue="line2" Source="ATTRIBUTE"/>
                <Param Name="address.countryId" SourceValue="countryId" Source="ATTRIBUTE"/>
            </Output>
        </Operation>
        <Operation Name="getDeleted" DataSource="CarelogicServices" ServiceID="None">
            <InputHeader/>
            <Input/>
            <Output/>
        </Operation>
        <Operation Name="getBatch" DataSource="CarelogicServices" ServiceID="None">
            <InputHeader/>
            <Input/>
            <Output/>
        </Operation>
    </Operations>
</SyncObject>
