<?xml version="1.0" encoding="UTF-8" standalone="yes"?>
<SyncObject Generated="false" SourceName="SUPERVISORYGROUP" GlobalName="SUPERVISORYGROUP">
    <SyncAttributes>
        <Key>
            <Attribute GlobalName="memberId"/>
        </Key>
        <SyncAttribute SourceName="dayOfWeek" GlobalName="dayOfWeek" Type="string" IsNullable="true" Autogenerated="false"/>
        <SyncAttribute SourceName="memberBeginDate" GlobalName="memberBeginDate" Type="string" IsNullable="true" Autogenerated="false"/>
        <SyncAttribute SourceName="memberEndDate" GlobalName="memberEndDate" Type="string" IsNullable="true" Autogenerated="false"/>
        <SyncAttribute SourceName="memberId" GlobalName="memberId" Type="string" IsNullable="true" Autogenerated="false"/>
        <SyncAttribute SourceName="staffId" GlobalName="staffId" Type="string" IsNullable="true" Autogenerated="false"/>
        <SyncAttribute SourceName="type" GlobalName="type" Type="string" IsNullable="true" Autogenerated="false"/>
        <SyncAttribute SourceName="groupId" GlobalName="groupId" Type="string" IsNullable="true" Autogenerated="false"/>
        <SyncAttribute SourceName="staffSupervisoryGroupId" GlobalName="staffSupervisoryGroupId" Type="string" IsNullable="true" Autogenerated="false"/>
    </SyncAttributes>
    <Relationships/>
    <FilterParameters>
        <ClientFilterParameters/>
        <ServerFilterParameters/>
    </FilterParameters>
    <Operations>
        <Operation Name="Create" DataSource="CarelogicServices" ServiceID="getAllVitals">
            <InputHeader/>
            <Input/>
            <Output/>
        </Operation>
        <Operation Name="Update" DataSource="CarelogicServices" ServiceID="None">
            <InputHeader/>
            <Input/>
            <Output/>
        </Operation>
        <Operation Name="Delete" DataSource="CarelogicServices" ServiceID="None">
            <InputHeader/>
            <Input/>
            <Output/>
        </Operation>
        <Operation Name="BulkCreate" DataSource="CarelogicServices" ServiceID="None">
            <InputHeader/>
            <Input/>
            <Output/>
        </Operation>
        <Operation Name="BulkUpdate" DataSource="CarelogicServices" ServiceID="None">
            <InputHeader/>
            <Input/>
            <Output/>
        </Operation>
        <Operation Name="BulkDelete" DataSource="CarelogicServices" ServiceID="None">
            <InputHeader/>
            <Input/>
            <Output/>
        </Operation>
        <Operation Name="BulkGet" DataSource="CarelogicServices" ServiceID="None">
            <InputHeader/>
            <Input/>
            <Output/>
        </Operation>
        <Operation Name="get" DataSource="CarelogicServices" ServiceID="None">
            <InputHeader/>
            <Input/>
            <Output/>
        </Operation>
        <Operation Name="getUpdated" DataSource="CarelogicServices" ServiceID="getSupervisoryGroup">
            <InputHeader>
                <Param Name="Authorization" SourceValue="Authorization" Source="CONTEXT"/>
                <Param Name="Content-Type" SourceValue="application/json" Source="CONSTANT"/>
            </InputHeader>
            <Input>
                <Param Name="deviceId" SourceValue="deviceId" Source="CONTEXT"/>
                <Param Name="lastSync" SourceValue="lastSync" Source="CONTEXT"/>
                <Param Name="syncId" SourceValue="syncId" Source="CONTEXT"/>
            </Input>
            <Output>
                <Param Name="members.memberBeginDate" SourceValue="memberBeginDate" Source="ATTRIBUTE"/>
                <Param Name="members.dayOfWeek" SourceValue="dayOfWeek" Source="ATTRIBUTE"/>
                <Param Name="members.memberEndDate" SourceValue="memberEndDate" Source="ATTRIBUTE"/>
                <Param Name="members.staffId" SourceValue="staffId" Source="ATTRIBUTE"/>
                <Param Name="members.memberId" SourceValue="memberId" Source="ATTRIBUTE"/>
                <Param Name="members.type" SourceValue="type" Source="ATTRIBUTE"/>
                <Param Name="members.groupId" SourceValue="groupId" Source="ATTRIBUTE"/>
                <Param Name="members.staffSupervisoryGroupId" SourceValue="staffSupervisoryGroupId" Source="ATTRIBUTE"/>
            </Output>
        </Operation>
        <Operation Name="getDeleted" DataSource="CarelogicServices" ServiceID="None">
            <InputHeader/>
            <Input/>
            <Output/>
        </Operation>
        <Operation Name="getBatch" DataSource="CarelogicServices" ServiceID="None">
            <InputHeader/>
            <Input/>
            <Output/>
        </Operation>
    </Operations>
</SyncObject>
