<?xml version="1.0" encoding="UTF-8" standalone="yes"?>
<SyncObject Generated="false" SourceName="SHIFTOVERRIDES" GlobalName="SHIFTOVERRIDES">
    <SyncAttributes>
        <Key>
            <Attribute GlobalName="staffOverrideId"/>
        </Key>
        <SyncAttribute SourceName="beginDateTime" GlobalName="beginDateTime" Type="string" IsNullable="true" Autogenerated="false"/>
        <SyncAttribute SourceName="endDateTime" GlobalName="endDateTime" Type="string" IsNullable="true" Autogenerated="false"/>
        <SyncAttribute SourceName="organizationId" GlobalName="organizationId" Type="string" IsNullable="true" Autogenerated="false"/>
        <SyncAttribute SourceName="staffId" GlobalName="staffId" Type="string" IsNullable="true" Autogenerated="false"/>
        <SyncAttribute SourceName="staffOverrideId" GlobalName="staffOverrideId" Type="string" IsNullable="false" Autogenerated="false"/>
    </SyncAttributes>
    <Relationships/>
    <FilterParameters>
        <ClientFilterParameters/>
        <ServerFilterParameters/>
    </FilterParameters>
    <Operations>
        <Operation Name="Create" DataSource="CarelogicServices" ServiceID="None">
            <InputHeader/>
            <Input/>
            <Output/>
        </Operation>
        <Operation Name="Update" DataSource="CarelogicServices" ServiceID="None">
            <InputHeader/>
            <Input/>
            <Output/>
        </Operation>
        <Operation Name="Delete" DataSource="CarelogicServices" ServiceID="None">
            <InputHeader/>
            <Input/>
            <Output/>
        </Operation>
        <Operation Name="BulkCreate" DataSource="CarelogicServices" ServiceID="None">
            <InputHeader/>
            <Input/>
            <Output/>
        </Operation>
        <Operation Name="BulkUpdate" DataSource="CarelogicServices" ServiceID="None">
            <InputHeader/>
            <Input/>
            <Output/>
        </Operation>
        <Operation Name="BulkDelete" DataSource="CarelogicServices" ServiceID="None">
            <InputHeader/>
            <Input/>
            <Output/>
        </Operation>
        <Operation Name="BulkGet" DataSource="CarelogicServices" ServiceID="None">
            <InputHeader/>
            <Input/>
            <Output/>
        </Operation>
        <Operation Name="get" DataSource="CarelogicServices" ServiceID="None">
            <InputHeader/>
            <Input/>
            <Output/>
        </Operation>
        <Operation Name="getUpdated" DataSource="CarelogicServices" ServiceID="staffShiftOverride">
            <InputHeader>
                <Param Name="Authorization" SourceValue="Authorization" Source="CONTEXT"/>
                <Param Name="Content-Type" SourceValue="application/json" Source="CONSTANT"/>
            </InputHeader>
            <Input>
                <Param Name="deviceId" SourceValue="deviceId" Source="CONTEXT"/>
                <Param Name="lastSync" SourceValue="lastSync" Source="CONTEXT"/>
                <Param Name="syncId" SourceValue="syncId" Source="CONTEXT"/>
            </Input>
            <Output>
                <Param Name="staffShiftOverrides.organizationId" SourceValue="organizationId" Source="ATTRIBUTE"/>
                <Param Name="staffShiftOverrides.staffOverrideId" SourceValue="staffOverrideId" Source="ATTRIBUTE"/>
                <Param Name="staffShiftOverrides.beginDateTime" SourceValue="beginDateTime" Source="ATTRIBUTE"/>
                <Param Name="staffShiftOverrides.endDateTime" SourceValue="endDateTime" Source="ATTRIBUTE"/>
                <Param Name="staffShiftOverrides.staffId" SourceValue="staffId" Source="ATTRIBUTE"/>
            </Output>
        </Operation>
        <Operation Name="getDeleted" DataSource="CarelogicServices" ServiceID="None">
            <InputHeader/>
            <Input/>
            <Output/>
        </Operation>
        <Operation Name="getBatch" DataSource="CarelogicServices" ServiceID="None">
            <InputHeader/>
            <Input/>
            <Output/>
        </Operation>
    </Operations>
</SyncObject>
