<?xml version="1.0" encoding="UTF-8" standalone="yes"?>
<service serviceGroup="" cachable="false" cacheduration="" description="" endpoint="default" groupType="" id="writeDocument" passwordencrypted="false" security="authorized_app" type="jsonConnector" smscode="" smsenabled="false">
    <service-config>
        <config-param api-version="" appid="" name="preprocessorname" value=""/>
        <config-param api-version="" appid="" name="postprocessorname" value=""/>
        <config-param api-version="" appid="" name="preprocessorJS" value=""/>
        <config-param api-version="" appid="" name="postprocessorJS" value=""/>
        <config-param api-version="" appid="" name="kony_http_supported_methods" value="POST"/>
        <config-param api-version="" appid="" name="endpointUrl" value="https://apimobile.qualifacts.org/api/gateway/mobile/sync/write/document"/>
        <config-param api-version="" appid="" name="ignorehttpproxy" value="true"/>
        <config-param api-version="" appid="" name="http.method" value="POST"/>
        <config-param api-version="" appid="" name="dataObjectName" value=""/>
        <config-param api-version="" appid="" name="sockettimeout" value="300000"/>
        <config-param api-version="" appid="" name="responseEncoding" value="UTF-8"/>
        <config-param api-version="" appid="" name="isembedxmlpresent" value="false"/>
        <config-param api-version="" appid="" name="retrycount" value="0"/>
    </service-config>
    <service-input passthrough="false">
        <header datatype="" name="" passthrough="false">
            <param datatype="string" defaultvalue="application/json" description="" encode="false" format="None" formatvalue="" name="Content-Type" order="" sms-name="" src="request" sourcevalue="" srcformatvalue="" target="" targetdatatype="" testvalue="" value="application/json">
                <accessType></accessType>
            </param>
            <param datatype="string" defaultvalue="" description="" encode="false" format="None" formatvalue="" name="Authorization" order="" sms-name="" src="request" sourcevalue="" srcformatvalue="" target="" targetdatatype="" testvalue="Bearer c0b45dd3-2864-4094-8402-282ca796aea0" value="">
                <accessType></accessType>
            </param>
        </header>
        <param datatype="string" defaultvalue="" description="" encode="false" format="None" formatvalue="" name="input" order="" passnull="false" sms-name="" src="request" sourcevalue="" srcformatvalue="" target="request" targetdatatype="java.lang.String" testvalue="{     &quot;deviceId&quot;: &quot;2123&quot;,     &quot;lastSync&quot;: &quot;3554-09-29T15:36:15.776Z&quot;,     &quot;syncId&quot;: 31548313,     &quot;resources&quot;: [         {             &quot;clientId&quot;: 1677,             &quot;clientProgramId&quot;: 1000,             &quot;fullySigned&quot;: true,             &quot;organizationId&quot;: 1000,             &quot;serviceDate&quot;: &quot;2017-04-07T16:11:03.886Z&quot;,             &quot;serviceDocumentId&quot;: 41895601,             &quot;staffId&quot;: 1,             &quot;moduleData&quot;: [                 {                     &quot;moduleId&quot;: 1000,                     &quot;moduleType&quot;: &quot;impact&quot;,                     &quot;score&quot;: &quot;10&quot;,                     &quot;fieldData&quot;: [                         {                             &quot;key&quot;: &quot;60015&quot;,                             &quot;value&quot;: &quot;0&quot;                         },                         {                             &quot;key&quot;: &quot;60016&quot;,                             &quot;value&quot;: &quot;1&quot;                         }                     ],                     &quot;subTotals&quot;: [                         {                             &quot;key&quot;: &quot;6545&quot;,                             &quot;value&quot;: &quot;33,5&quot;                         },                         {                             &quot;key&quot;: &quot;6546&quot;,                             &quot;value&quot;: &quot;3,35&quot;                         }                     ],                     &quot;audit&quot;: {                         &quot;createdBy&quot;: 1,                         &quot;createdDate&quot;: &quot;2017-10-26 11:38:16&quot;,                         &quot;changedBy&quot;: 1,                         &quot;changedDate&quot;: &quot;2017-10-26 11:38:16&quot;,                         &quot;deletedBy&quot;: null,                         &quot;deletedDate&quot;: null                     }                 },                 {                     &quot;moduleId&quot;: 1001,                     &quot;moduleType&quot;: &quot;cf&quot;,                     &quot;score&quot;: &quot;10&quot;,                     &quot;fieldData&quot;: [                         {                             &quot;key&quot;: &quot;1&quot;,                             &quot;value&quot;: &quot;The patient was found to be healthy and advised to follow his current routine of exercise, work, sleep and quality of life.&quot;                         },                         {                             &quot;key&quot;: &quot;2&quot;,                             &quot;value&quot;: &quot;'Four','more than 5'&quot;                         }                     ],                     &quot;audit&quot;: {                         &quot;createdBy&quot;: 1,                         &quot;createdDate&quot;: &quot;2017-10-26 11:38:16&quot;,                         &quot;changedBy&quot;: 1,                         &quot;changedDate&quot;: &quot;2017-10-26 11:38:16&quot;,                         &quot;deletedBy&quot;: null,                         &quot;deletedDate&quot;: null                     }                 },                 {                     &quot;goalAddessedId&quot;: 1835727,                     &quot;document&quot;: 41895601,                     &quot;treatmentPlantId&quot;: 59548,                     &quot;goalComment&quot;: &quot;test01&quot;,                     &quot;goalAddessedDetail&quot;: [                         {                             &quot;goalAddressedDetailId&quot;: 1587349,                             &quot;pgoiId&quot;: 2125,                             &quot;comment&quot;: &quot;Problem 01 GOAL 01&quot;,                             &quot;statusDscId&quot;: 13687,                             &quot;goalAddressedId&quot;: 1835727                         },                         {                             &quot;goalAddressedDetailId&quot;: 1587350,                             &quot;pgoiId&quot;: 2120,                             &quot;comment&quot;: &quot;Problem 02 GOAL01&quot;,                             &quot;statusDscId&quot;: 13751,                             &quot;goalAddressedId&quot;: 1835727                         },                         {                             &quot;goalAddressedDetailId&quot;: 1587351,                             &quot;pgoiId&quot;: 2121,                             &quot;comment&quot;: &quot;Problem 02 GOAL01 Objective01&quot;,                             &quot;statusDscId&quot;: 13687,                             &quot;goalAddressedId&quot;: 13687                         },                         {                             &quot;goalAddressedDetailId&quot;: 1587352,                             &quot;pgoiId&quot;: 2122,                             &quot;comment&quot;: &quot;Problem 02 GOAL01 Objective02&quot;,                             &quot;statusDscId&quot;: 13687,                             &quot;goalAddressedId&quot;: 13687                         },                         {                             &quot;goalAddressedDetailId&quot;: 1587353,                             &quot;pgoiId&quot;: 2123,                             &quot;comment&quot;: &quot;Problem 02 GOAL02&quot;,                             &quot;statusDscId&quot;: 13689,                             &quot;goalAddressedId&quot;: 13687                         },                         {                             &quot;goalAddressedDetailId&quot;: 1587354,                             &quot;pgoiId&quot;: 2126,                             &quot;comment&quot;: &quot;Intervention 01&quot;,                             &quot;statusDscId&quot;: 13686,                             &quot;goalAddressedId&quot;: 13687                         }                     ],                     &quot;audit&quot;: {                         &quot;createdBy&quot;: 1,                         &quot;createdDate&quot;: &quot;2017-01-07T16:11:03.886Z&quot;                     },                     &quot;moduleType&quot;: &quot;goaladdressed&quot;                 },                 {                     &quot;goalAddessedId&quot;: 1835731,                     &quot;document&quot;: 41895601,                     &quot;treatmentPlantId&quot;: 59594,                     &quot;goalComment&quot;: &quot;my second GOAL comment. &quot;,                     &quot;goalAddessedDetail&quot;: [                         {                             &quot;goalAddressedDetailId&quot;: 1587358,                             &quot;pgoiId&quot;: 2155,                             &quot;comment&quot;: &quot;comment to GOAL 01&quot;,                             &quot;statusDscId&quot;: 13686,                             &quot;goalAddressedId&quot;: 1835731                         },                         {                             &quot;goalAddressedDetailId&quot;: 1587359,                             &quot;pgoiId&quot;: 2156,                             &quot;comment&quot;: &quot;comment to SUBJECTIVE 01&quot;,                             &quot;statusDscId&quot;: 13689,                             &quot;goalAddressedId&quot;: 1835731                         }                     ],                     &quot;audit&quot;: {                         &quot;createdBy&quot;: 1,                         &quot;createdDate&quot;: &quot;2017-01-07T16:11:03.886Z&quot;                     },                     &quot;moduleType&quot;: &quot;goaladdressed&quot;                 },                 {                     &quot;vitalsId&quot;: 253444,                     &quot;documentId&quot;: 41895601,                     &quot;dateRecorded&quot;: &quot;2018-01-16T18:00:00.529Z&quot;,                     &quot;bPSystolic&quot;: 120,                     &quot;bPDiastolic&quot;: 80,                     &quot;heartRate&quot;: 110,                     &quot;respiratoryRate&quot;: 45,                     &quot;temperature&quot;: 87.2,                     &quot;heightweightDscId&quot;: 13929,                     &quot;heightweightDsc&quot;: &quot;Measured&quot;,                     &quot;height&quot;: 75,                     &quot;weight&quot;: 125.6,                     &quot;bmi&quot;: 18.31,                     &quot;pain&quot;: 8,                     &quot;pulseOximetry&quot;: 21,                     &quot;inhaledOxygen&quot;: 10,                     &quot;unableCollectDscId&quot;: 11011,                     &quot;unableCollectDsc&quot;: &quot;Procedure Refused&quot;,                     &quot;createdBy&quot;: 1,                     &quot;createDate&quot;: &quot;2017-01-07T16:11:03.886Z&quot;,                     &quot;moduleType&quot;: &quot;vitals&quot;,                     &quot;age&quot;: 30,                     &quot;audit&quot;: {                         &quot;createdBy&quot;: 1,                         &quot;createdDate&quot;: &quot;2018-01-12T21:08:06.047Z&quot;                     }                 },                 {                     &quot;vitalsId&quot;: 253445,                     &quot;documentId&quot;: 41895601,                     &quot;dateRecorded&quot;: &quot;2018-01-16T16:30:00.529Z&quot;,                     &quot;bPSystolic&quot;: 104,                     &quot;bPDiastolic&quot;: 100,                     &quot;heartRate&quot;: 108,                     &quot;respiratoryRate&quot;: 42,                     &quot;temperature&quot;: 85.2,                     &quot;heightweightDscId&quot;: 13931,                     &quot;heightweightDsc&quot;: &quot;Primary Care Physician&quot;,                     &quot;height&quot;: 80,                     &quot;weight&quot;: 105.6,                     &quot;bmi&quot;: 12.33,                     &quot;pain&quot;: 7,                     &quot;pulseOximetry&quot;: 21,                     &quot;inhaledOxygen&quot;: 11,                     &quot;unableCollectDscId&quot;: 11012,                     &quot;unableCollectDsc&quot;: &quot;Refusal of Treatment&quot;,                     &quot;moduleType&quot;: &quot;vitals&quot;,                     &quot;age&quot;: 30,                     &quot;audit&quot;: {                         &quot;createdBy&quot;: 1,                         &quot;createdDate&quot;: &quot;2018-01-12T21:08:06.047Z&quot;                     }                 }             ],             &quot;signature&quot;: {                 &quot;signedBy&quot;: 1,                 &quot;signedDate&quot;: &quot;2017-04-07T16:11:03.886Z&quot;,                 &quot;nextStaffId&quot;: 2,                 &quot;externalName&quot;: &quot;test&quot;,                 &quot;externalSignature&quot;: &quot;################################&quot;             }         }     ] }" value="">
            <accessType></accessType>
        </param>
        <template-param datatype="" defaultvalue="$input" description="" encode="false" format="" formatvalue="" name="message" order="" sms-name="" src="" sourcevalue="" srcformatvalue="" target="" targetdatatype="" value="$input">
            <accessType></accessType>
        </template-param>
        <stub-param value=""/>
    </service-input>
    <service-output passthrough="false">
        <param datatype="string" defaultvalue="" description="" encode="true" format="None" formatvalue="" name="syncId" order="" passnull="false" sms-name="" src="syncId" sourcevalue="" srcformatvalue="" target="response" targetdatatype="java.lang.String" testvalue="" value="">
            <accessType></accessType>
        </param>
    </service-output>
</service>
