<?xml version="1.0" encoding="UTF-8" standalone="yes"?>
<SyncObject Generated="false" SourceName="STAFFSHIFTS" GlobalName="STAFFSHIFTS">
    <SyncAttributes>
        <Key>
            <Attribute GlobalName="staffShiftId"/>
        </Key>
        <SyncAttribute SourceName="beginDate" GlobalName="beginDate" Type="string" IsNullable="true" Autogenerated="false"/>
        <SyncAttribute SourceName="days" GlobalName="days" Type="string" IsNullable="true" Autogenerated="false"/>
        <SyncAttribute SourceName="endDate" GlobalName="endDate" Type="string" IsNullable="true" Autogenerated="false"/>
        <SyncAttribute SourceName="endTime" GlobalName="endTime" Type="string" IsNullable="true" Autogenerated="false"/>
        <SyncAttribute SourceName="organizationId" GlobalName="organizationId" Type="string" IsNullable="true" Autogenerated="false"/>
        <SyncAttribute SourceName="staffId" GlobalName="staffId" Type="string" IsNullable="true" Autogenerated="false"/>
        <SyncAttribute SourceName="staffShiftId" GlobalName="staffShiftId" Type="string" IsNullable="false" Autogenerated="false"/>
        <SyncAttribute SourceName="startTime" GlobalName="startTime" Type="string" IsNullable="true" Autogenerated="false"/>
    </SyncAttributes>
    <Relationships/>
    <FilterParameters>
        <ClientFilterParameters/>
        <ServerFilterParameters/>
    </FilterParameters>
    <Operations>
        <Operation Name="Create" DataSource="CarelogicServices" ServiceID="None">
            <InputHeader/>
            <Input/>
            <Output/>
        </Operation>
        <Operation Name="Update" DataSource="CarelogicServices" ServiceID="None">
            <InputHeader/>
            <Input/>
            <Output/>
        </Operation>
        <Operation Name="Delete" DataSource="CarelogicServices" ServiceID="None">
            <InputHeader/>
            <Input/>
            <Output/>
        </Operation>
        <Operation Name="BulkCreate" DataSource="CarelogicServices" ServiceID="None">
            <InputHeader/>
            <Input/>
            <Output/>
        </Operation>
        <Operation Name="BulkUpdate" DataSource="CarelogicServices" ServiceID="None">
            <InputHeader/>
            <Input/>
            <Output/>
        </Operation>
        <Operation Name="BulkDelete" DataSource="CarelogicServices" ServiceID="None">
            <InputHeader/>
            <Input/>
            <Output/>
        </Operation>
        <Operation Name="BulkGet" DataSource="CarelogicServices" ServiceID="None">
            <InputHeader/>
            <Input/>
            <Output/>
        </Operation>
        <Operation Name="get" DataSource="CarelogicServices" ServiceID="None">
            <InputHeader/>
            <Input/>
            <Output/>
        </Operation>
        <Operation Name="getUpdated" DataSource="CarelogicServices" ServiceID="getStaffShifts">
            <InputHeader>
                <Param Name="Authorization" SourceValue="Authorization" Source="CONTEXT"/>
                <Param Name="Content-Type" SourceValue="application/json" Source="CONSTANT"/>
            </InputHeader>
            <Input>
                <Param Name="deviceId" SourceValue="deviceId" Source="CONTEXT"/>
                <Param Name="lastSync" SourceValue="lastSync" Source="CONTEXT"/>
                <Param Name="syncId" SourceValue="syncId" Source="CONTEXT"/>
            </Input>
            <Output>
                <Param Name="staffShifts.organizationId" SourceValue="organizationId" Source="ATTRIBUTE"/>
                <Param Name="staffShifts.beginDate" SourceValue="beginDate" Source="ATTRIBUTE"/>
                <Param Name="staffShifts.endDate" SourceValue="endDate" Source="ATTRIBUTE"/>
                <Param Name="staffShifts.startTime" SourceValue="startTime" Source="ATTRIBUTE"/>
                <Param Name="staffShifts.endTime" SourceValue="endTime" Source="ATTRIBUTE"/>
                <Param Name="staffShifts.staffShiftId" SourceValue="staffShiftId" Source="ATTRIBUTE"/>
                <Param Name="staffShifts.staffId" SourceValue="staffId" Source="ATTRIBUTE"/>
                <Param Name="staffShifts.days" SourceValue="days" Source="ATTRIBUTE"/>
            </Output>
        </Operation>
        <Operation Name="getDeleted" DataSource="CarelogicServices" ServiceID="None">
            <InputHeader/>
            <Input/>
            <Output/>
        </Operation>
        <Operation Name="getBatch" DataSource="CarelogicServices" ServiceID="None">
            <InputHeader/>
            <Input/>
            <Output/>
        </Operation>
    </Operations>
</SyncObject>
