<?xml version="1.0" encoding="UTF-8" standalone="yes"?>
<service serviceGroup="" cachable="false" cacheduration="" description="" endpoint="default" groupType="" id="saveContactInfo" passwordencrypted="false" security="authorized_app" type="jsonConnector" smscode="" smsenabled="false">
    <service-config>
        <config-param api-version="" appid="" name="preprocessorname" value=""/>
        <config-param api-version="" appid="" name="postprocessorname" value=""/>
        <config-param api-version="" appid="" name="preprocessorJS" value=""/>
        <config-param api-version="" appid="" name="postprocessorJS" value=""/>
        <config-param api-version="" appid="" name="kony_http_supported_methods" value="POST"/>
        <config-param api-version="" appid="" name="endpointUrl" value="https://apimobile-kony-uat.qualifacts.org/api/gateway/mobile/sync/read/patients"/>
        <config-param api-version="" appid="" name="ignorehttpproxy" value="true"/>
        <config-param api-version="" appid="" name="http.method" value="POST"/>
        <config-param api-version="" appid="" name="dataObjectName" value=""/>
        <config-param api-version="" appid="" name="sockettimeout" value="300000"/>
        <config-param api-version="" appid="" name="responseEncoding" value="UTF-8"/>
        <config-param api-version="" appid="" name="isembedxmlpresent" value="false"/>
        <config-param api-version="" appid="" name="retrycount" value="0"/>
    </service-config>
    <service-input passthrough="false">
        <header datatype="" name="" passthrough="false">
            <param datatype="string" defaultvalue="Basic ZG9tYWluOkFkbWluNDU2" description="" encode="false" format="None" formatvalue="" name="Authorization" order="" sms-name="" src="request" sourcevalue="" srcformatvalue="" target="" targetdatatype="" testvalue="Basic ZG9tYWluOkFkbWluNDU2" value="Basic ZG9tYWluOkFkbWluNDU2">
                <accessType></accessType>
            </param>
            <param datatype="string" defaultvalue="team12b" description="" encode="false" format="None" formatvalue="" name="account" order="" sms-name="" src="request" sourcevalue="" srcformatvalue="" target="" targetdatatype="" testvalue="team12b" value="team12b">
                <accessType></accessType>
            </param>
            <param datatype="string" defaultvalue="application/json" description="" encode="false" format="None" formatvalue="" name="Content-Type" order="" sms-name="" src="request" sourcevalue="" srcformatvalue="" target="" targetdatatype="" testvalue="application/json" value="application/json">
                <accessType></accessType>
            </param>
        </header>
        <param datatype="string" defaultvalue="" description="" encode="true" format="None" formatvalue="" name="input" order="" passnull="false" sms-name="" src="request" sourcevalue="" srcformatvalue="" target="request" targetdatatype="java.lang.String" testvalue="{&quot;clientId&quot;:&quot;1030&quot;,&quot;externalId&quot;:&quot;1030&quot;,&quot;addresses&quot;:[{&quot;id&quot;:&quot;1075&quot;,&quot;type&quot;:&quot;PHYS&quot;,&quot;state&quot;:&quot;TS&quot;,&quot;county&quot;:&quot;county&quot;,&quot;countryId&quot;:&quot;1215&quot;,&quot;country&quot;:&quot;USA&quot;,&quot;city&quot;:&quot;city&quot;,&quot;postalCode&quot;:&quot;80221&quot;,&quot;postalCodePlus&quot;:&quot;1234&quot;,&quot;line1&quot;:&quot;line1&quot;,&quot;line2&quot;:&quot;line2&quot;,&quot;aptSuite&quot;:&quot;1901&quot;}],&quot;contacts&quot;:[{&quot;id&quot;:&quot;1022&quot;,&quot;primaryEmailAddress&quot;:&quot;&quot;,&quot;notes&quot;:&quot;.&quot;,&quot;telecom&quot;:[{&quot;id&quot;:&quot;1317&quot;,&quot;primary&quot;:&quot;false&quot;,&quot;areaCode&quot;:&quot;615&quot;,&quot;phone&quot;:&quot;272-3829&quot;,&quot;extension&quot;:&quot;123&quot;,&quot;okToId&quot;:&quot;false&quot;},{&quot;id&quot;:&quot;1318&quot;,&quot;typeId&quot;:&quot;1153&quot;,&quot;type&quot;:&quot;Cell&quot;,&quot;international&quot;:&quot;12345678901&quot;},{&quot;id&quot;:&quot;1321&quot;,&quot;typeId&quot;:&quot;1153&quot;,&quot;type&quot;:&quot;Cell&quot;,&quot;international&quot;:&quot;01234567890&quot;}]}]}" value="">
            <accessType></accessType>
        </param>
        <template-param datatype="" defaultvalue="$input" description="" encode="false" format="" formatvalue="" name="message" order="" sms-name="" src="" sourcevalue="" srcformatvalue="" target="" targetdatatype="" value="$input">
            <accessType></accessType>
        </template-param>
        <stub-param value=""/>
    </service-input>
    <service-output passthrough="false">
        <param datatype="string" defaultvalue="" description="" encode="true" format="None" formatvalue="" name="status" order="" passnull="false" sms-name="" src="//status" sourcevalue="" srcformatvalue="" target="response" targetdatatype="java.lang.String" testvalue="" value="">
            <accessType></accessType>
        </param>
        <param datatype="string" defaultvalue="" description="" encode="true" format="None" formatvalue="" name="externalId" order="" passnull="false" sms-name="" src="//externalId" sourcevalue="" srcformatvalue="" target="response" targetdatatype="java.lang.String" testvalue="" value="">
            <accessType></accessType>
        </param>
    </service-output>
</service>
