<?xml version="1.0" encoding="UTF-8" standalone="yes"?>
<SyncObject Generated="false" SourceName="CFOPTIONS" GlobalName="CFOPTIONS">
    <SyncAttributes>
        <Key>
            <Attribute GlobalName="opt_id"/>
        </Key>
        <SyncAttribute SourceName="opt_fieldid" GlobalName="opt_fieldid" Type="string" IsNullable="true" Autogenerated="false"/>
        <SyncAttribute SourceName="opt_value" GlobalName="opt_value" Type="string" IsNullable="true" Autogenerated="false"/>
        <SyncAttribute SourceName="form_lastModifiedDate" GlobalName="form_lastModifiedDate" Type="string" IsNullable="true" Autogenerated="false"/>
        <SyncAttribute SourceName="opt_id" GlobalName="opt_id" Type="int" IsNullable="false" Autogenerated="false"/>
    </SyncAttributes>
    <Relationships/>
    <FilterParameters>
        <ClientFilterParameters/>
        <ServerFilterParameters/>
    </FilterParameters>
    <Operations>
        <Operation Name="Create" DataSource="ConfigurableForm" ServiceID="None">
            <InputHeader/>
            <Input/>
            <Output/>
        </Operation>
        <Operation Name="Update" DataSource="ConfigurableForm" ServiceID="None">
            <InputHeader/>
            <Input/>
            <Output/>
        </Operation>
        <Operation Name="Delete" DataSource="ConfigurableForm" ServiceID="None">
            <InputHeader/>
            <Input/>
            <Output/>
        </Operation>
        <Operation Name="BulkCreate" DataSource="ConfigurableForm" ServiceID="None">
            <InputHeader/>
            <Input/>
            <Output/>
        </Operation>
        <Operation Name="BulkUpdate" DataSource="ConfigurableForm" ServiceID="None">
            <InputHeader/>
            <Input/>
            <Output/>
        </Operation>
        <Operation Name="BulkDelete" DataSource="ConfigurableForm" ServiceID="None">
            <InputHeader/>
            <Input/>
            <Output/>
        </Operation>
        <Operation Name="BulkGet" DataSource="ConfigurableForm" ServiceID="None">
            <InputHeader/>
            <Input/>
            <Output/>
        </Operation>
        <Operation Name="get" DataSource="ConfigurableForm" ServiceID="None">
            <InputHeader/>
            <Input/>
            <Output/>
        </Operation>
        <Operation Name="getUpdated" DataSource="ConfigurableForm" ServiceID="get">
            <InputHeader>
                <Param Name="Authorization" SourceValue="Authorization" Source="CONTEXT"/>
                <Param Name="Content-Type" SourceValue="application/json" Source="CONSTANT"/>
            </InputHeader>
            <Input>
                <Param Name="lastSync" SourceValue="lastSync" Source="CONTEXT"/>
                <Param Name="deviceId" SourceValue="deviceId" Source="CONTEXT"/>
                <Param Name="syncId" SourceValue="syncId" Source="CONTEXT"/>
            </Input>
            <Output>
                <Param Name="form_lastModifiedDate" SourceValue="form_lastModifiedDate" Source="ATTRIBUTE"/>
                <Param Name="options.opt_fieldid" SourceValue="opt_fieldid" Source="ATTRIBUTE"/>
                <Param Name="options.opt_value" SourceValue="opt_value" Source="ATTRIBUTE"/>
                <Param Name="options.opt_id" SourceValue="opt_id" Source="ATTRIBUTE"/>
            </Output>
        </Operation>
        <Operation Name="getDeleted" DataSource="ConfigurableForm" ServiceID="None">
            <InputHeader/>
            <Input/>
            <Output/>
        </Operation>
        <Operation Name="getBatch" DataSource="ConfigurableForm" ServiceID="None">
            <InputHeader/>
            <Input/>
            <Output/>
        </Operation>
    </Operations>
</SyncObject>
