<?xml version="1.0" encoding="UTF-8" standalone="yes"?>
<SyncObject Generated="false" SourceName="PROGRAM" GlobalName="PROGRAM">
    <SyncAttributes>
        <Key>
            <Attribute GlobalName="program_key"/>
            <Attribute GlobalName="program_organizationId"/>
        </Key>
        <SyncAttribute SourceName="program_beginDate" GlobalName="program_beginDate" Type="string" IsNullable="true" Autogenerated="false"/>
        <SyncAttribute SourceName="program_code" GlobalName="program_code" Type="string" IsNullable="true" Autogenerated="false"/>
        <SyncAttribute SourceName="program_endDate" GlobalName="program_endDate" Type="string" IsNullable="true" Autogenerated="false"/>
        <SyncAttribute SourceName="program_key" GlobalName="program_key" Type="string" IsNullable="true" Autogenerated="false"/>
        <SyncAttribute SourceName="program_organizationId" GlobalName="program_organizationId" Type="string" IsNullable="true" Autogenerated="false"/>
        <SyncAttribute SourceName="program_value" GlobalName="program_value" Type="string" IsNullable="true" Autogenerated="false"/>
    </SyncAttributes>
    <Relationships/>
    <FilterParameters>
        <ClientFilterParameters/>
        <ServerFilterParameters/>
    </FilterParameters>
    <Operations>
        <Operation Name="Create" DataSource="ConfigurableForm" ServiceID="None">
            <InputHeader/>
            <Input/>
            <Output/>
        </Operation>
        <Operation Name="Update" DataSource="ConfigurableForm" ServiceID="None">
            <InputHeader/>
            <Input/>
            <Output/>
        </Operation>
        <Operation Name="Delete" DataSource="ConfigurableForm" ServiceID="None">
            <InputHeader/>
            <Input/>
            <Output/>
        </Operation>
        <Operation Name="BulkCreate" DataSource="ConfigurableForm" ServiceID="None">
            <InputHeader/>
            <Input/>
            <Output/>
        </Operation>
        <Operation Name="BulkUpdate" DataSource="ConfigurableForm" ServiceID="None">
            <InputHeader/>
            <Input/>
            <Output/>
        </Operation>
        <Operation Name="BulkDelete" DataSource="ConfigurableForm" ServiceID="None">
            <InputHeader/>
            <Input/>
            <Output/>
        </Operation>
        <Operation Name="BulkGet" DataSource="ConfigurableForm" ServiceID="None">
            <InputHeader/>
            <Input/>
            <Output/>
        </Operation>
        <Operation Name="get" DataSource="ConfigurableForm" ServiceID="None">
            <InputHeader/>
            <Input/>
            <Output/>
        </Operation>
        <Operation Name="getUpdated" DataSource="ConfigurableForm" ServiceID="getProgram">
            <InputHeader>
                <Param Name="Authorization" SourceValue="Authorization" Source="CONTEXT"/>
                <Param Name="Content-Type" SourceValue="application/json" Source="CONSTANT"/>
            </InputHeader>
            <Input>
                <Param Name="lastSync" SourceValue="lastSync" Source="CONTEXT"/>
                <Param Name="deviceId" SourceValue="deviceId" Source="CONTEXT"/>
                <Param Name="syncId" SourceValue="syncId" Source="CONTEXT"/>
            </Input>
            <Output>
                <Param Name="program.program_code" SourceValue="program_code" Source="ATTRIBUTE"/>
                <Param Name="program.program_key" SourceValue="program_key" Source="ATTRIBUTE"/>
                <Param Name="program.program_value" SourceValue="program_value" Source="ATTRIBUTE"/>
                <Param Name="program.program_endDate" SourceValue="program_endDate" Source="ATTRIBUTE"/>
                <Param Name="program.program_beginDate" SourceValue="program_beginDate" Source="ATTRIBUTE"/>
                <Param Name="program.program_organizationId" SourceValue="program_organizationId" Source="ATTRIBUTE"/>
            </Output>
        </Operation>
        <Operation Name="getDeleted" DataSource="ConfigurableForm" ServiceID="None">
            <InputHeader/>
            <Input/>
            <Output/>
        </Operation>
        <Operation Name="getBatch" DataSource="ConfigurableForm" ServiceID="None">
            <InputHeader/>
            <Input/>
            <Output/>
        </Operation>
    </Operations>
</SyncObject>
