<?xml version="1.0" encoding="UTF-8" standalone="yes"?>
<SyncObject Generated="false" SourceName="CFATTRIBUTES" GlobalName="CFATTRIBUTES">
    <SyncAttributes>
        <Key>
            <Attribute GlobalName="att_id"/>
        </Key>
        <SyncAttribute SourceName="att_fieldid" GlobalName="att_fieldid" Type="string" IsNullable="true" Autogenerated="false"/>
        <SyncAttribute SourceName="att_name" GlobalName="att_name" Type="string" IsNullable="true" Autogenerated="false"/>
        <SyncAttribute SourceName="att_value" GlobalName="att_value" Type="string" IsNullable="true" Autogenerated="false"/>
        <SyncAttribute SourceName="form_lastModifiedDate" GlobalName="form_lastModifiedDate" Type="string" IsNullable="true" Autogenerated="false"/>
        <SyncAttribute SourceName="att_id" GlobalName="att_id" Type="string" IsNullable="false" Autogenerated="false"/>
    </SyncAttributes>
    <Relationships/>
    <FilterParameters>
        <ClientFilterParameters/>
        <ServerFilterParameters/>
    </FilterParameters>
    <Operations>
        <Operation Name="Create" DataSource="ConfigurableForm" ServiceID="None">
            <InputHeader/>
            <Input/>
            <Output/>
        </Operation>
        <Operation Name="Update" DataSource="ConfigurableForm" ServiceID="None">
            <InputHeader/>
            <Input/>
            <Output/>
        </Operation>
        <Operation Name="Delete" DataSource="ConfigurableForm" ServiceID="None">
            <InputHeader/>
            <Input/>
            <Output/>
        </Operation>
        <Operation Name="BulkCreate" DataSource="ConfigurableForm" ServiceID="None">
            <InputHeader/>
            <Input/>
            <Output/>
        </Operation>
        <Operation Name="BulkUpdate" DataSource="ConfigurableForm" ServiceID="None">
            <InputHeader/>
            <Input/>
            <Output/>
        </Operation>
        <Operation Name="BulkDelete" DataSource="ConfigurableForm" ServiceID="None">
            <InputHeader/>
            <Input/>
            <Output/>
        </Operation>
        <Operation Name="BulkGet" DataSource="ConfigurableForm" ServiceID="None">
            <InputHeader/>
            <Input/>
            <Output/>
        </Operation>
        <Operation Name="get" DataSource="ConfigurableForm" ServiceID="None">
            <InputHeader/>
            <Input/>
            <Output/>
        </Operation>
        <Operation Name="getUpdated" DataSource="ConfigurableForm" ServiceID="get">
            <InputHeader>
                <Param Name="Authorization" SourceValue="Authorization" Source="CONTEXT"/>
                <Param Name="Content-Type" SourceValue="application/json" Source="CONSTANT"/>
            </InputHeader>
            <Input>
                <Param Name="deviceId" SourceValue="deviceId" Source="CONTEXT"/>
                <Param Name="lastSync" SourceValue="lastSync" Source="CONTEXT"/>
                <Param Name="syncId" SourceValue="syncId" Source="CONTEXT"/>
            </Input>
            <Output>
                <Param Name="form_lastModifiedDate" SourceValue="form_lastModifiedDate" Source="ATTRIBUTE"/>
                <Param Name="attributes.att_value" SourceValue="att_value" Source="ATTRIBUTE"/>
                <Param Name="attributes.att_fieldid" SourceValue="att_fieldid" Source="ATTRIBUTE"/>
                <Param Name="attributes.att_name" SourceValue="att_name" Source="ATTRIBUTE"/>
                <Param Name="attributes.att_id" SourceValue="att_id" Source="ATTRIBUTE"/>
            </Output>
        </Operation>
        <Operation Name="getDeleted" DataSource="ConfigurableForm" ServiceID="None">
            <InputHeader/>
            <Input/>
            <Output/>
        </Operation>
        <Operation Name="getBatch" DataSource="ConfigurableForm" ServiceID="None">
            <InputHeader/>
            <Input/>
            <Output/>
        </Operation>
    </Operations>
</SyncObject>
