<?xml version="1.0" encoding="UTF-8" standalone="yes"?>
<SyncObject Generated="false" SourceName="CFFIELD" GlobalName="CFFIELD">
    <SyncAttributes>
        <Key>
            <Attribute GlobalName="fieldid"/>
        </Key>
        <SyncAttribute SourceName="fieldid" GlobalName="fieldid" Type="string" IsNullable="false" Autogenerated="false"/>
        <SyncAttribute SourceName="fieldlabel" GlobalName="fieldlabel" Type="string" IsNullable="true" Autogenerated="false"/>
        <SyncAttribute SourceName="fieldname" GlobalName="fieldname" Type="string" IsNullable="true" Autogenerated="false"/>
        <SyncAttribute SourceName="fieldorder" GlobalName="fieldorder" Type="int" IsNullable="true" Autogenerated="false"/>
        <SyncAttribute SourceName="fieldtype" GlobalName="fieldtype" Type="string" IsNullable="true" Autogenerated="false"/>
        <SyncAttribute SourceName="form_lastModifiedDate" GlobalName="form_lastModifiedDate" Type="string" IsNullable="true" Autogenerated="false"/>
        <SyncAttribute SourceName="formid" GlobalName="formid" Type="string" IsNullable="true" Autogenerated="false"/>
    </SyncAttributes>
    <Relationships>
        <OneToMany TargetObject="CFATTRIBUTES" TargetObjectAttribute="att_id" SourceObjectAttribute="fieldid" Cascade="true"/>
        <OneToMany TargetObject="CFOPTIONS" TargetObjectAttribute="opt_id" SourceObjectAttribute="fieldid" Cascade="true"/>
    </Relationships>
    <FilterParameters>
        <ClientFilterParameters/>
        <ServerFilterParameters/>
    </FilterParameters>
    <Operations>
        <Operation Name="Create" DataSource="ConfigurableForm" ServiceID="None">
            <InputHeader/>
            <Input/>
            <Output/>
        </Operation>
        <Operation Name="Update" DataSource="ConfigurableForm" ServiceID="None">
            <InputHeader/>
            <Input/>
            <Output/>
        </Operation>
        <Operation Name="Delete" DataSource="ConfigurableForm" ServiceID="None">
            <InputHeader/>
            <Input/>
            <Output/>
        </Operation>
        <Operation Name="BulkCreate" DataSource="ConfigurableForm" ServiceID="None">
            <InputHeader/>
            <Input/>
            <Output/>
        </Operation>
        <Operation Name="BulkUpdate" DataSource="ConfigurableForm" ServiceID="None">
            <InputHeader/>
            <Input/>
            <Output/>
        </Operation>
        <Operation Name="BulkDelete" DataSource="ConfigurableForm" ServiceID="None">
            <InputHeader/>
            <Input/>
            <Output/>
        </Operation>
        <Operation Name="BulkGet" DataSource="ConfigurableForm" ServiceID="None">
            <InputHeader/>
            <Input/>
            <Output/>
        </Operation>
        <Operation Name="get" DataSource="ConfigurableForm" ServiceID="get">
            <InputHeader/>
            <Input/>
            <Output/>
        </Operation>
        <Operation Name="getUpdated" DataSource="ConfigurableForm" ServiceID="get">
            <InputHeader>
                <Param Name="Authorization" SourceValue="Authorization" Source="CONTEXT"/>
                <Param Name="Content-Type" SourceValue="application/json" Source="CONSTANT"/>
            </InputHeader>
            <Input>
                <Param Name="deviceId" SourceValue="deviceId" Source="CONTEXT"/>
                <Param Name="lastSync" SourceValue="lastSync" Source="CONTEXT"/>
                <Param Name="syncId" SourceValue="syncId" Source="CONTEXT"/>
            </Input>
            <Output>
                <Param Name="form_lastModifiedDate" SourceValue="form_lastModifiedDate" Source="ATTRIBUTE"/>
                <Param Name="fields.fieldname" SourceValue="fieldname" Source="ATTRIBUTE"/>
                <Param Name="fields.fieldorder" SourceValue="fieldorder" Source="ATTRIBUTE"/>
                <Param Name="fields.fieldlabel" SourceValue="fieldlabel" Source="ATTRIBUTE"/>
                <Param Name="fields.fieldtype" SourceValue="fieldtype" Source="ATTRIBUTE"/>
                <Param Name="fields.fieldid" SourceValue="fieldid" Source="ATTRIBUTE"/>
                <Param Name="fields.fieldformid" SourceValue="formid" Source="ATTRIBUTE"/>
            </Output>
        </Operation>
        <Operation Name="getDeleted" DataSource="ConfigurableForm" ServiceID="None">
            <InputHeader/>
            <Input/>
            <Output/>
        </Operation>
        <Operation Name="getBatch" DataSource="ConfigurableForm" ServiceID="None">
            <InputHeader/>
            <Input/>
            <Output/>
        </Operation>
    </Operations>
</SyncObject>
