<?xml version="1.0" encoding="UTF-8" standalone="yes"?>
<SyncObject Generated="false" SourceName="STAFF" GlobalName="STAFF">
    <SyncAttributes>
        <Key>
            <Attribute GlobalName="staff_key"/>
            <Attribute GlobalName="staff_primaryOrganizationId"/>
        </Key>
        <SyncAttribute SourceName="staff_firstName" GlobalName="staff_firstName" Type="string" IsNullable="true" Autogenerated="false"/>
        <SyncAttribute SourceName="staff_key" GlobalName="staff_key" Type="string" IsNullable="true" Autogenerated="false"/>
        <SyncAttribute SourceName="staff_lastName" GlobalName="staff_lastName" Type="string" IsNullable="true" Autogenerated="false"/>
        <SyncAttribute SourceName="staff_primaryOrganizationId" GlobalName="staff_primaryOrganizationId" Type="string" IsNullable="true" Autogenerated="false"/>
        <SyncAttribute SourceName="staff_value" GlobalName="staff_value" Type="string" IsNullable="true" Autogenerated="false"/>
        <SyncAttribute SourceName="billSupervisor" GlobalName="billSupervisor" Type="string" IsNullable="true" Autogenerated="false"/>
        <SyncAttribute SourceName="requireElectronicServDoc" GlobalName="requireElectronicServDoc" Type="string" IsNullable="true" Autogenerated="false"/>
        <SyncAttribute SourceName="isMultiBookSchedule" GlobalName="isMultiBookSchedule" Type="string" IsNullable="true" Autogenerated="false"/>
    </SyncAttributes>
    <Relationships/>
    <FilterParameters>
        <ClientFilterParameters/>
        <ServerFilterParameters/>
    </FilterParameters>
    <Operations>
        <Operation Name="Create" DataSource="ConfigurableForm" ServiceID="getStaff">
            <InputHeader/>
            <Input/>
            <Output/>
        </Operation>
        <Operation Name="Update" DataSource="ConfigurableForm" ServiceID="None">
            <InputHeader/>
            <Input/>
            <Output/>
        </Operation>
        <Operation Name="Delete" DataSource="ConfigurableForm" ServiceID="None">
            <InputHeader/>
            <Input/>
            <Output/>
        </Operation>
        <Operation Name="BulkCreate" DataSource="ConfigurableForm" ServiceID="None">
            <InputHeader/>
            <Input/>
            <Output/>
        </Operation>
        <Operation Name="BulkUpdate" DataSource="ConfigurableForm" ServiceID="None">
            <InputHeader/>
            <Input/>
            <Output/>
        </Operation>
        <Operation Name="BulkDelete" DataSource="ConfigurableForm" ServiceID="None">
            <InputHeader/>
            <Input/>
            <Output/>
        </Operation>
        <Operation Name="BulkGet" DataSource="ConfigurableForm" ServiceID="None">
            <InputHeader/>
            <Input/>
            <Output/>
        </Operation>
        <Operation Name="get" DataSource="ConfigurableForm" ServiceID="None">
            <InputHeader/>
            <Input/>
            <Output/>
        </Operation>
        <Operation Name="getUpdated" DataSource="ConfigurableForm" ServiceID="getStaff">
            <InputHeader>
                <Param Name="Authorization" SourceValue="Authorization" Source="CONTEXT"/>
                <Param Name="Content-Type" SourceValue="application/json" Source="CONSTANT"/>
            </InputHeader>
            <Input>
                <Param Name="lastSync" SourceValue="lastSync" Source="CONTEXT"/>
                <Param Name="deviceId" SourceValue="deviceId" Source="CONTEXT"/>
                <Param Name="syncId" SourceValue="syncId" Source="CONTEXT"/>
            </Input>
            <Output>
                <Param Name="staff.staff_firstName" SourceValue="staff_firstName" Source="ATTRIBUTE"/>
                <Param Name="staff.staff_lastName" SourceValue="staff_lastName" Source="ATTRIBUTE"/>
                <Param Name="staff.staff_key" SourceValue="staff_key" Source="ATTRIBUTE"/>
                <Param Name="staff.staff_value" SourceValue="staff_value" Source="ATTRIBUTE"/>
                <Param Name="staff.staff_primaryOrganizationId" SourceValue="staff_primaryOrganizationId" Source="ATTRIBUTE"/>
                <Param Name="staff.billSupervisor" SourceValue="billSupervisor" Source="ATTRIBUTE"/>
                <Param Name="staff.requireElectronicServDoc" SourceValue="requireElectronicServDoc" Source="ATTRIBUTE"/>
                <Param Name="staff.isMultiBookSchedule" SourceValue="isMultiBookSchedule" Source="ATTRIBUTE"/>
            </Output>
        </Operation>
        <Operation Name="getDeleted" DataSource="ConfigurableForm" ServiceID="None">
            <InputHeader/>
            <Input/>
            <Output/>
        </Operation>
        <Operation Name="getBatch" DataSource="ConfigurableForm" ServiceID="None">
            <InputHeader/>
            <Input/>
            <Output/>
        </Operation>
    </Operations>
</SyncObject>
