<?xml version="1.0" encoding="UTF-8" standalone="yes"?>
<SyncObject Generated="false" SourceName="CASELOAD" GlobalName="CASELOAD">
    <SyncAttributes>
        <Key>
            <Attribute GlobalName="clientId"/>
        </Key>
        <SyncAttribute SourceName="belongs" GlobalName="belongs" Type="string" IsNullable="true" Autogenerated="false"/>
        <SyncAttribute SourceName="clientId" GlobalName="clientId" Type="string" IsNullable="true" Autogenerated="false"/>
        <SyncAttribute SourceName="hasMessages" GlobalName="hasMessages" Type="string" IsNullable="true" Autogenerated="false"/>
        <SyncAttribute SourceName="organizationId" GlobalName="organizationId" Type="string" IsNullable="true" Autogenerated="false"/>
        <SyncAttribute SourceName="timestamp" GlobalName="timestamp" Type="string" IsNullable="true" Autogenerated="false"/>
        <SyncAttribute SourceName="dateLastActivity" GlobalName="dateLastActivity" Type="string" IsNullable="true" Autogenerated="false"/>
        <SyncAttribute SourceName="clientStaffId" GlobalName="clientStaffId" Type="string" IsNullable="true" Autogenerated="false"/>
    </SyncAttributes>
    <Relationships/>
    <FilterParameters>
        <ClientFilterParameters/>
        <ServerFilterParameters/>
    </FilterParameters>
    <Operations>
        <Operation Name="Create" DataSource="CarelogicServices" ServiceID="None">
            <InputHeader/>
            <Input/>
            <Output/>
        </Operation>
        <Operation Name="Update" DataSource="CarelogicServices" ServiceID="None">
            <InputHeader/>
            <Input/>
            <Output/>
        </Operation>
        <Operation Name="Delete" DataSource="CarelogicServices" ServiceID="None">
            <InputHeader/>
            <Input/>
            <Output/>
        </Operation>
        <Operation Name="BulkCreate" DataSource="CarelogicServices" ServiceID="None">
            <InputHeader/>
            <Input/>
            <Output/>
        </Operation>
        <Operation Name="BulkUpdate" DataSource="CarelogicServices" ServiceID="None">
            <InputHeader/>
            <Input/>
            <Output/>
        </Operation>
        <Operation Name="BulkDelete" DataSource="CarelogicServices" ServiceID="None">
            <InputHeader/>
            <Input/>
            <Output/>
        </Operation>
        <Operation Name="BulkGet" DataSource="CarelogicServices" ServiceID="None">
            <InputHeader/>
            <Input/>
            <Output/>
        </Operation>
        <Operation Name="get" DataSource="CarelogicServices" ServiceID="None">
            <InputHeader/>
            <Input/>
            <Output/>
        </Operation>
        <Operation Name="getUpdated" DataSource="CarelogicServices" ServiceID="getCaseload">
            <InputHeader>
                <Param Name="Authorization" SourceValue="Authorization" Source="CONTEXT"/>
                <Param Name="Content-Type" SourceValue="application/json" Source="CONSTANT"/>
            </InputHeader>
            <Input>
                <Param Name="lastSync" SourceValue="lastSync" Source="CONTEXT"/>
                <Param Name="deviceId" SourceValue="deviceId" Source="CONTEXT"/>
                <Param Name="syncId" SourceValue="syncId" Source="CONTEXT"/>
            </Input>
            <Output>
                <Param Name="member.organizationId" SourceValue="organizationId" Source="ATTRIBUTE"/>
                <Param Name="member.clientId" SourceValue="clientId" Source="ATTRIBUTE"/>
                <Param Name="member.belongs" SourceValue="belongs" Source="ATTRIBUTE"/>
                <Param Name="member.hasMessages" SourceValue="hasMessages" Source="ATTRIBUTE"/>
                <Param Name="member.dateLastActivity" SourceValue="dateLastActivity" Source="ATTRIBUTE"/>
                <Param Name="member.clientStaffId" SourceValue="clientStaffId" Source="ATTRIBUTE"/>
            </Output>
        </Operation>
        <Operation Name="getDeleted" DataSource="CarelogicServices" ServiceID="None">
            <InputHeader/>
            <Input/>
            <Output/>
        </Operation>
        <Operation Name="getBatch" DataSource="CarelogicServices" ServiceID="None">
            <InputHeader/>
            <Input/>
            <Output/>
        </Operation>
    </Operations>
</SyncObject>
