<?xml version="1.0" encoding="UTF-8" standalone="yes"?>
<SyncObject Generated="false" SourceName="txPlan" GlobalName="txPlan">
    <SyncAttributes>
        <Key>
            <Attribute GlobalName="treatmentPlanId"/>
        </Key>
        <SyncAttribute SourceName="beginDate" GlobalName="beginDate" Type="string" IsNullable="true" Autogenerated="false"/>
        <SyncAttribute SourceName="changedDate" GlobalName="changedDate" Type="timestamp" IsNullable="true" Autogenerated="false"/>
        <SyncAttribute SourceName="clientId" GlobalName="clientId" Type="string" IsNullable="true" Autogenerated="false"/>
        <SyncAttribute SourceName="createdDate" GlobalName="createdDate" Type="string" IsNullable="true" Autogenerated="false"/>
        <SyncAttribute SourceName="documentId" GlobalName="documentId" Type="string" IsNullable="true" Autogenerated="false"/>
        <SyncAttribute SourceName="endDate" GlobalName="endDate" Type="string" IsNullable="true" Autogenerated="false"/>
        <SyncAttribute SourceName="name" GlobalName="name" Type="string" IsNullable="true" Autogenerated="false"/>
        <SyncAttribute SourceName="planTypeDscId" GlobalName="planTypeDscId" Type="string" IsNullable="true" Autogenerated="false"/>
        <SyncAttribute SourceName="selected" GlobalName="selected" Type="string" IsNullable="true" Autogenerated="false"/>
        <SyncAttribute SourceName="treatmentPlanId" GlobalName="treatmentPlanId" Type="string" IsNullable="false" Autogenerated="false"/>
        <SyncAttribute SourceName="tPlanMasterId" GlobalName="tPlanMasterId" Type="string" IsNullable="true" Autogenerated="false"/>
        <SyncAttribute SourceName="completedDate" GlobalName="completedDate" Type="string" IsNullable="true" Autogenerated="false"/>
        <SyncAttribute SourceName="problemLayerText" GlobalName="problemLayerText" Type="string" IsNullable="true" Autogenerated="false"/>
        <SyncAttribute SourceName="goalLayerText" GlobalName="goalLayerText" Type="string" IsNullable="true" Autogenerated="false"/>
        <SyncAttribute SourceName="objectiveLayerText" GlobalName="objectiveLayerText" Type="string" IsNullable="true" Autogenerated="false"/>
        <SyncAttribute SourceName="interventionLayerText" GlobalName="interventionLayerText" Type="string" IsNullable="true" Autogenerated="false"/>
        <SyncAttribute SourceName="activitiesLayerText" GlobalName="activitiesLayerText" Type="string" IsNullable="true" Autogenerated="false"/>
        <SyncAttribute SourceName="problemPriorityText" GlobalName="problemPriorityText" Type="string" IsNullable="true" Autogenerated="false"/>
        <SyncAttribute SourceName="goalPriorityText" GlobalName="goalPriorityText" Type="string" IsNullable="true" Autogenerated="false"/>
        <SyncAttribute SourceName="objectivePriorityText" GlobalName="objectivePriorityText" Type="string" IsNullable="true" Autogenerated="false"/>
        <SyncAttribute SourceName="interventionPriorityText" GlobalName="interventionPriorityText" Type="string" IsNullable="true" Autogenerated="false"/>
        <SyncAttribute SourceName="clientProgramIds" GlobalName="clientProgramIds" Type="string" IsNullable="true" Autogenerated="false"/>
    </SyncAttributes>
    <Relationships>
        <OneToMany TargetObject="PGOIMap" TargetObjectAttribute="tPlanMasterId" SourceObjectAttribute="treatmentPlanId" Cascade="true"/>
        <OneToMany TargetObject="PGOI" TargetObjectAttribute="tPlanMasterId" SourceObjectAttribute="treatmentPlanId" Cascade="true"/>
    </Relationships>
    <FilterParameters>
        <ClientFilterParameters/>
        <ServerFilterParameters/>
    </FilterParameters>
    <Operations>
        <Operation Name="Create" DataSource="CarelogicServices" ServiceID="None">
            <InputHeader/>
            <Input/>
            <Output/>
        </Operation>
        <Operation Name="Update" DataSource="CarelogicServices" ServiceID="None">
            <InputHeader/>
            <Input/>
            <Output/>
        </Operation>
        <Operation Name="Delete" DataSource="CarelogicServices" ServiceID="None">
            <InputHeader/>
            <Input/>
            <Output/>
        </Operation>
        <Operation Name="BulkCreate" DataSource="CarelogicServices" ServiceID="None">
            <InputHeader/>
            <Input/>
            <Output/>
        </Operation>
        <Operation Name="BulkUpdate" DataSource="CarelogicServices" ServiceID="None">
            <InputHeader/>
            <Input/>
            <Output/>
        </Operation>
        <Operation Name="BulkDelete" DataSource="CarelogicServices" ServiceID="None">
            <InputHeader/>
            <Input/>
            <Output/>
        </Operation>
        <Operation Name="BulkGet" DataSource="CarelogicServices" ServiceID="None">
            <InputHeader/>
            <Input/>
            <Output/>
        </Operation>
        <Operation Name="get" DataSource="CarelogicServices" ServiceID="None">
            <InputHeader/>
            <Input/>
            <Output/>
        </Operation>
        <Operation Name="getUpdated" DataSource="CarelogicServices" ServiceID="getTxPlans">
            <InputHeader>
                <Param Name="Authorization" SourceValue="Authorization" Source="CONTEXT"/>
                <Param Name="Content-Type" SourceValue="application/json" Source="CONSTANT"/>
            </InputHeader>
            <Input>
                <Param Name="lastSync" SourceValue="lastSync" Source="CONTEXT"/>
                <Param Name="deviceId" SourceValue="deviceId" Source="CONTEXT"/>
                <Param Name="syncId" SourceValue="syncId" Source="CONTEXT"/>
            </Input>
            <Output>
                <Param Name="txPlans.beginDate" SourceValue="beginDate" Source="ATTRIBUTE"/>
                <Param Name="txPlans.changedDate" SourceValue="changedDate" Source="ATTRIBUTE"/>
                <Param Name="txPlans.clientId" SourceValue="clientId" Source="ATTRIBUTE"/>
                <Param Name="txPlans.createdDate" SourceValue="createdDate" Source="ATTRIBUTE"/>
                <Param Name="txPlans.endDate" SourceValue="endDate" Source="ATTRIBUTE"/>
                <Param Name="txPlans.name" SourceValue="name" Source="ATTRIBUTE"/>
                <Param Name="txPlans.planTypeDscId" SourceValue="planTypeDscId" Source="ATTRIBUTE"/>
                <Param Name="txPlans.documentId" SourceValue="documentId" Source="ATTRIBUTE"/>
                <Param Name="txPlans.treatmentPlantId" SourceValue="treatmentPlanId" Source="ATTRIBUTE"/>
                <Param Name="txPlans.selected" SourceValue="selected" Source="ATTRIBUTE"/>
                <Param Name="txPlans.tPlanMasterId" SourceValue="tPlanMasterId" Source="ATTRIBUTE"/>
                <Param Name="txPlans.selected" SourceValue="completedDate" Source="ATTRIBUTE"/>
                <Param Name="txPlans.problemLayerText" SourceValue="problemLayerText" Source="ATTRIBUTE"/>
                <Param Name="txPlans.goalLayerText" SourceValue="goalLayerText" Source="ATTRIBUTE"/>
                <Param Name="txPlans.objectiveLayerText" SourceValue="objectiveLayerText" Source="ATTRIBUTE"/>
                <Param Name="txPlans.interventionLayerText" SourceValue="interventionLayerText" Source="ATTRIBUTE"/>
                <Param Name="txPlans.activitiesLayerText" SourceValue="activitiesLayerText" Source="ATTRIBUTE"/>
                <Param Name="txPlans.problemPriorityText" SourceValue="problemPriorityText" Source="ATTRIBUTE"/>
                <Param Name="txPlans.goalPriorityText" SourceValue="goalPriorityText" Source="ATTRIBUTE"/>
                <Param Name="txPlans.objectivePriorityText" SourceValue="objectivePriorityText" Source="ATTRIBUTE"/>
                <Param Name="txPlans.interventionPriorityText" SourceValue="interventionPriorityText" Source="ATTRIBUTE"/>
                <Param Name="txPlans.clientProgramIds" SourceValue="clientProgramIds" Source="ATTRIBUTE"/>
            </Output>
        </Operation>
        <Operation Name="getDeleted" DataSource="CarelogicServices" ServiceID="None">
            <InputHeader/>
            <Input/>
            <Output/>
        </Operation>
        <Operation Name="getBatch" DataSource="CarelogicServices" ServiceID="None">
            <InputHeader/>
            <Input/>
            <Output/>
        </Operation>
    </Operations>
</SyncObject>
