<?xml version="1.0" encoding="UTF-8" standalone="yes"?>
<SyncObject Generated="false" SourceName="PGOIMap" GlobalName="PGOIMap">
    <SyncAttributes>
        <Key>
            <Attribute GlobalName="pgoiMapId"/>
        </Key>
        <SyncAttribute SourceName="changedDate" GlobalName="changedDate" Type="timestamp" IsNullable="true" Autogenerated="false"/>
        <SyncAttribute SourceName="createdDate" GlobalName="createdDate" Type="string" IsNullable="true" Autogenerated="false"/>
        <SyncAttribute SourceName="goalId" GlobalName="goalId" Type="string" IsNullable="true" Autogenerated="false"/>
        <SyncAttribute SourceName="interventionId" GlobalName="interventionId" Type="string" IsNullable="true" Autogenerated="false"/>
        <SyncAttribute SourceName="objectiveId" GlobalName="objectiveId" Type="string" IsNullable="true" Autogenerated="false"/>
        <SyncAttribute SourceName="pgoiMapId" GlobalName="pgoiMapId" Type="string" IsNullable="false" Autogenerated="false"/>
        <SyncAttribute SourceName="problemId" GlobalName="problemId" Type="string" IsNullable="true" Autogenerated="false"/>
        <SyncAttribute SourceName="tPlanMasterId" GlobalName="tPlanMasterId" Type="string" IsNullable="true" Autogenerated="false"/>
    </SyncAttributes>
    <Relationships/>
    <FilterParameters>
        <ClientFilterParameters/>
        <ServerFilterParameters/>
    </FilterParameters>
    <Operations>
        <Operation Name="Create" DataSource="CarelogicServices" ServiceID="None">
            <InputHeader/>
            <Input/>
            <Output/>
        </Operation>
        <Operation Name="Update" DataSource="CarelogicServices" ServiceID="None">
            <InputHeader/>
            <Input/>
            <Output/>
        </Operation>
        <Operation Name="Delete" DataSource="CarelogicServices" ServiceID="None">
            <InputHeader/>
            <Input/>
            <Output/>
        </Operation>
        <Operation Name="BulkCreate" DataSource="CarelogicServices" ServiceID="None">
            <InputHeader/>
            <Input/>
            <Output/>
        </Operation>
        <Operation Name="BulkUpdate" DataSource="CarelogicServices" ServiceID="None">
            <InputHeader/>
            <Input/>
            <Output/>
        </Operation>
        <Operation Name="BulkDelete" DataSource="CarelogicServices" ServiceID="None">
            <InputHeader/>
            <Input/>
            <Output/>
        </Operation>
        <Operation Name="BulkGet" DataSource="CarelogicServices" ServiceID="None">
            <InputHeader/>
            <Input/>
            <Output/>
        </Operation>
        <Operation Name="get" DataSource="CarelogicServices" ServiceID="None">
            <InputHeader/>
            <Input/>
            <Output/>
        </Operation>
        <Operation Name="getUpdated" DataSource="CarelogicServices" ServiceID="getPGOIMap">
            <InputHeader>
                <Param Name="Authorization" SourceValue="Authorization" Source="CONTEXT"/>
                <Param Name="Content-Type" SourceValue="application/json" Source="CONSTANT"/>
            </InputHeader>
            <Input>
                <Param Name="lastSync" SourceValue="lastSync" Source="CONTEXT"/>
                <Param Name="deviceId" SourceValue="deviceId" Source="CONTEXT"/>
                <Param Name="syncId" SourceValue="syncId" Source="CONTEXT"/>
            </Input>
            <Output>
                <Param Name="pgoiMap.createdDate" SourceValue="createdDate" Source="ATTRIBUTE"/>
                <Param Name="pgoiMap.goalId" SourceValue="goalId" Source="ATTRIBUTE"/>
                <Param Name="pgoiMap.pgoiMapId" SourceValue="pgoiMapId" Source="ATTRIBUTE"/>
                <Param Name="pgoiMap.objectiveId" SourceValue="objectiveId" Source="ATTRIBUTE"/>
                <Param Name="pgoiMap.tPlanMasterId" SourceValue="tPlanMasterId" Source="ATTRIBUTE"/>
                <Param Name="pgoiMap.problemId" SourceValue="problemId" Source="ATTRIBUTE"/>
                <Param Name="pgoiMap.interventionId" SourceValue="interventionId" Source="ATTRIBUTE"/>
            </Output>
        </Operation>
        <Operation Name="getDeleted" DataSource="CarelogicServices" ServiceID="None">
            <InputHeader/>
            <Input/>
            <Output/>
        </Operation>
        <Operation Name="getBatch" DataSource="CarelogicServices" ServiceID="None">
            <InputHeader/>
            <Input/>
            <Output/>
        </Operation>
    </Operations>
</SyncObject>
