<?xml version="1.0" encoding="UTF-8" standalone="yes"?>
<SyncObject Generated="false" SourceName="txplanOveralSetup" GlobalName="txplanOveralSetup">
    <SyncAttributes>
        <Key>
            <Attribute GlobalName="id"/>
        </Key>
        <SyncAttribute SourceName="activeValidation" GlobalName="activeValidation" Type="string" IsNullable="true" Autogenerated="false"/>
        <SyncAttribute SourceName="activityValidation" GlobalName="activityValidation" Type="string" IsNullable="true" Autogenerated="false"/>
        <SyncAttribute SourceName="id" GlobalName="id" Type="string" IsNullable="false" Autogenerated="true"/>
        <SyncAttribute SourceName="organizationId" GlobalName="organizationId" Type="string" IsNullable="true" Autogenerated="false"/>
        <SyncAttribute SourceName="reviewPGOI" GlobalName="reviewPGOI" Type="string" IsNullable="true" Autogenerated="false"/>
        <SyncAttribute SourceName="reviewUpdateSvcDocGroup" GlobalName="reviewUpdateSvcDocGroup" Type="string" IsNullable="true" Autogenerated="false"/>
        <SyncAttribute SourceName="updateFunctionality" GlobalName="updateFunctionality" Type="string" IsNullable="true" Autogenerated="false"/>
        <SyncAttribute SourceName="useGridSubProblem" GlobalName="useGridSubProblem" Type="string" IsNullable="true" Autogenerated="false"/>
    </SyncAttributes>
    <Relationships/>
    <FilterParameters>
        <ClientFilterParameters/>
        <ServerFilterParameters/>
    </FilterParameters>
    <Operations>
        <Operation Name="Create" DataSource="CarelogicServices" ServiceID="None">
            <InputHeader/>
            <Input/>
            <Output/>
        </Operation>
        <Operation Name="Update" DataSource="CarelogicServices" ServiceID="None">
            <InputHeader/>
            <Input/>
            <Output/>
        </Operation>
        <Operation Name="Delete" DataSource="CarelogicServices" ServiceID="None">
            <InputHeader/>
            <Input/>
            <Output/>
        </Operation>
        <Operation Name="BulkCreate" DataSource="CarelogicServices" ServiceID="None">
            <InputHeader/>
            <Input/>
            <Output/>
        </Operation>
        <Operation Name="BulkUpdate" DataSource="CarelogicServices" ServiceID="None">
            <InputHeader/>
            <Input/>
            <Output/>
        </Operation>
        <Operation Name="BulkDelete" DataSource="CarelogicServices" ServiceID="None">
            <InputHeader/>
            <Input/>
            <Output/>
        </Operation>
        <Operation Name="BulkGet" DataSource="CarelogicServices" ServiceID="None">
            <InputHeader/>
            <Input/>
            <Output/>
        </Operation>
        <Operation Name="get" DataSource="CarelogicServices" ServiceID="None">
            <InputHeader/>
            <Input/>
            <Output/>
        </Operation>
        <Operation Name="getUpdated" DataSource="CarelogicServices" ServiceID="txplanoverallsetup">
            <InputHeader>
                <Param Name="Authorization" SourceValue="Authorization" Source="CONTEXT"/>
                <Param Name="Content-Type" SourceValue="application/json" Source="CONSTANT"/>
            </InputHeader>
            <Input>
                <Param Name="lastSync" SourceValue="lastSync" Source="CONTEXT"/>
                <Param Name="deviceId" SourceValue="deviceId" Source="CONTEXT"/>
                <Param Name="syncId" SourceValue="syncId" Source="CONTEXT"/>
            </Input>
            <Output>
                <Param Name="txplansetup.organizationId" SourceValue="organizationId" Source="ATTRIBUTE"/>
                <Param Name="txplansetup.reviewPGOI" SourceValue="reviewPGOI" Source="ATTRIBUTE"/>
                <Param Name="txplansetup.reviewUpdateSvcDocGroup" SourceValue="reviewUpdateSvcDocGroup" Source="ATTRIBUTE"/>
                <Param Name="txplansetup.id" SourceValue="id" Source="ATTRIBUTE"/>
                <Param Name="txplansetup.useGridSubProblem" SourceValue="useGridSubProblem" Source="ATTRIBUTE"/>
                <Param Name="txplansetup.updateFunctionality" SourceValue="updateFunctionality" Source="ATTRIBUTE"/>
                <Param Name="txplansetup.activeValidation" SourceValue="activeValidation" Source="ATTRIBUTE"/>
                <Param Name="txplansetup.activityValidation" SourceValue="activityValidation" Source="ATTRIBUTE"/>
            </Output>
        </Operation>
        <Operation Name="getDeleted" DataSource="CarelogicServices" ServiceID="None">
            <InputHeader/>
            <Input/>
            <Output/>
        </Operation>
        <Operation Name="getBatch" DataSource="CarelogicServices" ServiceID="None">
            <InputHeader/>
            <Input/>
            <Output/>
        </Operation>
    </Operations>
</SyncObject>
