<?xml version="1.0" encoding="UTF-8" standalone="yes"?>
<service serviceGroup="" cachable="false" cacheduration="" description="" endpoint="default" groupType="" id="postDocument" passwordencrypted="false" security="authorized_app" type="jsonConnector" smscode="" smsenabled="false">
    <service-config>
        <config-param api-version="" appid="" name="preprocessorname" value=""/>
        <config-param api-version="" appid="" name="postprocessorname" value=""/>
        <config-param api-version="" appid="" name="preprocessorJS" value=""/>
        <config-param api-version="" appid="" name="postprocessorJS" value=""/>
        <config-param api-version="" appid="" name="kony_http_supported_methods" value="POST"/>
        <config-param api-version="" appid="" name="endpointUrl" value="https://apimobile.qualifacts.org/api/gateway/mobile/sync/read/documents"/>
        <config-param api-version="" appid="" name="ignorehttpproxy" value="true"/>
        <config-param api-version="" appid="" name="http.method" value="POST"/>
        <config-param api-version="" appid="" name="dataObjectName" value=""/>
        <config-param api-version="" appid="" name="sockettimeout" value="300000"/>
        <config-param api-version="" appid="" name="responseEncoding" value="UTF-8"/>
        <config-param api-version="" appid="" name="isembedxmlpresent" value="false"/>
        <config-param api-version="" appid="" name="retrycount" value="0"/>
    </service-config>
    <service-input passthrough="false">
        <header datatype="" name="" passthrough="false">
            <param datatype="string" defaultvalue="Basic ZG9tYWluOkFkbWluNDU2" description="" encode="false" format="None" formatvalue="" name="Authorization" order="" sms-name="" src="request" sourcevalue="" srcformatvalue="" target="" targetdatatype="" testvalue="" value="Basic ZG9tYWluOkFkbWluNDU2">
                <accessType></accessType>
            </param>
            <param datatype="string" defaultvalue="team12b" description="" encode="false" format="None" formatvalue="" name="account" order="" sms-name="" src="request" sourcevalue="" srcformatvalue="" target="" targetdatatype="" testvalue="" value="team12b">
                <accessType></accessType>
            </param>
            <param datatype="string" defaultvalue="application/json" description="" encode="false" format="None" formatvalue="" name="Accept" order="" sms-name="" src="request" sourcevalue="" srcformatvalue="" target="" targetdatatype="" testvalue="" value="application/json">
                <accessType></accessType>
            </param>
            <param datatype="string" defaultvalue="application/json" description="" encode="false" format="None" formatvalue="" name="Content-Type" order="" sms-name="" src="request" sourcevalue="" srcformatvalue="" target="" targetdatatype="" testvalue="" value="application/json">
                <accessType></accessType>
            </param>
        </header>
        <param datatype="string" defaultvalue="" description="" encode="true" format="None" formatvalue="" name="input" order="" passnull="false" sms-name="" src="request" sourcevalue="" srcformatvalue="" target="request" targetdatatype="java.lang.String" testvalue="{&quot;modules&quot;:[{&quot;audit&quot;:{&quot;changedBy&quot;:1,&quot;changedDate&quot;:&quot;2017-10-26T11:38:16&quot;,&quot;createdBy&quot;:1,&quot;createdDate&quot;:&quot;2017-10-26T11:38:16&quot;,&quot;deletedBy&quot;:null,&quot;deletedDate&quot;:null},&quot;moduleType&quot;:&quot;IMPACT_MODULE&quot;,&quot;moduleId&quot;:1729,&quot;moduleData&quot;:{&quot;subTotals&quot;:[{&quot;dataValue&quot;:[&quot;63&quot;],&quot;key&quot;:1009},{&quot;dataValue&quot;:[&quot;1.5&quot;],&quot;key&quot;:1010},{&quot;dataValue&quot;:[&quot;15&quot;],&quot;key&quot;:1011}],&quot;fieldData&quot;:[{&quot;dataValue&quot;:[&quot;2&quot;],&quot;key&quot;:2194},{&quot;dataValue&quot;:[&quot;1&quot;],&quot;key&quot;:2195},{&quot;dataValue&quot;:[&quot;2&quot;],&quot;key&quot;:2196},{&quot;dataValue&quot;:[&quot;2&quot;],&quot;key&quot;:2197},{&quot;dataValue&quot;:[&quot;3&quot;],&quot;key&quot;:2198},{&quot;dataValue&quot;:[&quot;3&quot;],&quot;key&quot;:2199},{&quot;dataValue&quot;:[&quot;4&quot;],&quot;key&quot;:2200},{&quot;dataValue&quot;:[&quot;4&quot;],&quot;key&quot;:2201},{&quot;dataValue&quot;:[&quot;5&quot;],&quot;key&quot;:2202},{&quot;dataValue&quot;:[&quot;5&quot;],&quot;key&quot;:2203},{&quot;dataValue&quot;:[&quot;6&quot;],&quot;key&quot;:2204},{&quot;dataValue&quot;:[&quot;6&quot;],&quot;key&quot;:2205},{&quot;dataValue&quot;:[&quot;7&quot;],&quot;key&quot;:2206},{&quot;dataValue&quot;:[&quot;7&quot;],&quot;key&quot;:2207},{&quot;dataValue&quot;:[&quot;NA&quot;],&quot;key&quot;:2208},{&quot;dataValue&quot;:[&quot;NA&quot;],&quot;key&quot;:2209},{&quot;dataValue&quot;:[&quot;1&quot;],&quot;key&quot;:2210},{&quot;dataValue&quot;:[&quot;1&quot;],&quot;key&quot;:2211},{&quot;dataValue&quot;:[&quot;2&quot;],&quot;key&quot;:2212},{&quot;dataValue&quot;:[&quot;2&quot;],&quot;key&quot;:2213}],&quot;score&quot;:&quot;63&quot;}}],&quot;audit&quot;:{&quot;changedBy&quot;:1,&quot;changedDate&quot;:&quot;2017-10-26T11:38:16&quot;,&quot;createdBy&quot;:1,&quot;createdDate&quot;:&quot;2017-10-26T11:38:16&quot;,&quot;deletedBy&quot;:null,&quot;deletedDate&quot;:null},&quot;externalId&quot;:1,&quot;clientId&quot;:1030,&quot;clientProgramId&quot;:null,&quot;fullySigned&quot;:true,&quot;organizationId&quot;:1000,&quot;serviceDate&quot;:&quot;2018-01-24T11:20:51.425&quot;,&quot;serviceDocumentId&quot;:1192,&quot;staffId&quot;:1,&quot;signature&quot;:[{&quot;signData&quot;:&quot;###################################################################&quot;,&quot;signedBy&quot;:1,&quot;signedDate&quot;:&quot;2017-10-26T11:38:16.175&quot;}]}" value="">
            <accessType></accessType>
        </param>
        <template-param datatype="" defaultvalue="$input" description="" encode="false" format="" formatvalue="" name="message" order="" sms-name="" src="" sourcevalue="" srcformatvalue="" target="" targetdatatype="" value="$input">
            <accessType></accessType>
        </template-param>
        <stub-param value=""/>
    </service-input>
    <service-output passthrough="false">
        <param datatype="string" defaultvalue="" description="" encode="true" format="None" formatvalue="" name="status" order="" passnull="false" sms-name="" src="//status" sourcevalue="" srcformatvalue="" target="response" targetdatatype="java.lang.String" testvalue="" value="">
            <accessType></accessType>
        </param>
        <param datatype="string" defaultvalue="" description="" encode="true" format="None" formatvalue="" name="externalId" order="" passnull="false" sms-name="" src="//externalId" sourcevalue="" srcformatvalue="" target="response" targetdatatype="java.lang.String" testvalue="" value="">
            <accessType></accessType>
        </param>
    </service-output>
</service>
