<?xml version="1.0" encoding="UTF-8" standalone="yes"?>
<SyncObject Generated="false" SourceName="ACTIVITIES" GlobalName="ACTIVITIES">
    <SyncAttributes>
        <Key>
            <Attribute GlobalName="id"/>
            <Attribute GlobalName="organizationId"/>
        </Key>
        <SyncAttribute SourceName="activityType" GlobalName="activityType" Type="string" IsNullable="true" Autogenerated="false"/>
        <SyncAttribute SourceName="beginDate" GlobalName="beginDate" Type="string" IsNullable="true" Autogenerated="false"/>
        <SyncAttribute SourceName="code" GlobalName="code" Type="string" IsNullable="true" Autogenerated="false"/>
        <SyncAttribute SourceName="description" GlobalName="description" Type="string" IsNullable="true" Autogenerated="false"/>
        <SyncAttribute SourceName="endDate" GlobalName="endDate" Type="string" IsNullable="true" Autogenerated="false"/>
        <SyncAttribute SourceName="id" GlobalName="id" Type="string" IsNullable="false" Autogenerated="true"/>
        <SyncAttribute SourceName="billable" GlobalName="billable" Type="string" IsNullable="true" Autogenerated="false"/>
        <SyncAttribute SourceName="organizationId" GlobalName="organizationId" Type="string" IsNullable="true" Autogenerated="false"/>
        <SyncAttribute SourceName="overlap" GlobalName="overlap" Type="string" IsNullable="true" Autogenerated="false"/>
        <SyncAttribute SourceName="nonBillableMinutes" GlobalName="nonBillableMinutes" Type="string" IsNullable="true" Autogenerated="false"/>
    </SyncAttributes>
    <Relationships/>
    <FilterParameters>
        <ClientFilterParameters/>
        <ServerFilterParameters/>
    </FilterParameters>
    <Operations>
        <Operation Name="Create" DataSource="CarelogicServices" ServiceID="None">
            <InputHeader/>
            <Input/>
            <Output/>
        </Operation>
        <Operation Name="Update" DataSource="CarelogicServices" ServiceID="None">
            <InputHeader/>
            <Input/>
            <Output/>
        </Operation>
        <Operation Name="Delete" DataSource="CarelogicServices" ServiceID="None">
            <InputHeader/>
            <Input/>
            <Output/>
        </Operation>
        <Operation Name="BulkCreate" DataSource="CarelogicServices" ServiceID="None">
            <InputHeader/>
            <Input/>
            <Output/>
        </Operation>
        <Operation Name="BulkUpdate" DataSource="CarelogicServices" ServiceID="None">
            <InputHeader/>
            <Input/>
            <Output/>
        </Operation>
        <Operation Name="BulkDelete" DataSource="CarelogicServices" ServiceID="None">
            <InputHeader/>
            <Input/>
            <Output/>
        </Operation>
        <Operation Name="BulkGet" DataSource="CarelogicServices" ServiceID="None">
            <InputHeader/>
            <Input/>
            <Output/>
        </Operation>
        <Operation Name="get" DataSource="CarelogicServices" ServiceID="None">
            <InputHeader/>
            <Input/>
            <Output/>
        </Operation>
        <Operation Name="getUpdated" DataSource="CarelogicServices" ServiceID="getActivities">
            <InputHeader>
                <Param Name="Authorization" SourceValue="Authorization" Source="CONTEXT"/>
                <Param Name="Content-Type" SourceValue="application/json" Source="CONSTANT"/>
            </InputHeader>
            <Input>
                <Param Name="lastSync" SourceValue="lastSync" Source="CONTEXT"/>
                <Param Name="deviceId" SourceValue="deviceId" Source="CONTEXT"/>
                <Param Name="syncId" SourceValue="syncId" Source="CONTEXT"/>
            </Input>
            <Output>
                <Param Name="activities.organizationId" SourceValue="organizationId" Source="ATTRIBUTE"/>
                <Param Name="activities.beginDate" SourceValue="beginDate" Source="ATTRIBUTE"/>
                <Param Name="activities.code" SourceValue="code" Source="ATTRIBUTE"/>
                <Param Name="activities.overlap" SourceValue="overlap" Source="ATTRIBUTE"/>
                <Param Name="activities.billable" SourceValue="billable" Source="ATTRIBUTE"/>
                <Param Name="activities.endDate" SourceValue="endDate" Source="ATTRIBUTE"/>
                <Param Name="activities.description" SourceValue="description" Source="ATTRIBUTE"/>
                <Param Name="activities.id" SourceValue="id" Source="ATTRIBUTE"/>
                <Param Name="activities.activityType" SourceValue="activityType" Source="ATTRIBUTE"/>
                <Param Name="activities.nonBillableMinutes" SourceValue="nonBillableMinutes" Source="ATTRIBUTE"/>
            </Output>
        </Operation>
        <Operation Name="getDeleted" DataSource="CarelogicServices" ServiceID="None">
            <InputHeader/>
            <Input/>
            <Output/>
        </Operation>
        <Operation Name="getBatch" DataSource="CarelogicServices" ServiceID="None">
            <InputHeader/>
            <Input/>
            <Output/>
        </Operation>
    </Operations>
</SyncObject>
