<?xml version="1.0" encoding="UTF-8" standalone="yes"?>
<SyncObject Generated="false" SourceName="MEMBER" GlobalName="MEMBER">
    <SyncAttributes>
        <Key>
            <Attribute GlobalName="memberClientId"/>
        </Key>
        <SyncAttribute SourceName="age" GlobalName="age" Type="string" IsNullable="true" Autogenerated="false"/>
        <SyncAttribute SourceName="deathDate" GlobalName="deathDate" Type="string" IsNullable="true" Autogenerated="false"/>
        <SyncAttribute SourceName="deviceId" GlobalName="deviceId" Type="string" IsNullable="true" Autogenerated="false"/>
        <SyncAttribute SourceName="educationComments" GlobalName="educationComments" Type="string" IsNullable="true" Autogenerated="false"/>
        <SyncAttribute SourceName="educationDsc" GlobalName="educationDsc" Type="string" IsNullable="true" Autogenerated="false"/>
        <SyncAttribute SourceName="educationDscId" GlobalName="educationDscId" Type="string" IsNullable="true" Autogenerated="false"/>
        <SyncAttribute SourceName="employerName" GlobalName="employerName" Type="string" IsNullable="true" Autogenerated="false"/>
        <SyncAttribute SourceName="employmentStatusDsc" GlobalName="employmentStatusDsc" Type="string" IsNullable="true" Autogenerated="false"/>
        <SyncAttribute SourceName="employmentStatusDscId" GlobalName="employmentStatusDscId" Type="string" IsNullable="true" Autogenerated="false"/>
        <SyncAttribute SourceName="hispanic" GlobalName="hispanic" Type="string" IsNullable="true" Autogenerated="false"/>
        <SyncAttribute SourceName="jobTitle" GlobalName="jobTitle" Type="string" IsNullable="true" Autogenerated="false"/>
        <SyncAttribute SourceName="lastSync" GlobalName="lastSync" Type="string" IsNullable="true" Autogenerated="false"/>
        <SyncAttribute SourceName="livingStatusDsc" GlobalName="livingStatusDsc" Type="string" IsNullable="true" Autogenerated="false"/>
        <SyncAttribute SourceName="livingStatusDscId" GlobalName="livingStatusDscId" Type="string" IsNullable="true" Autogenerated="false"/>
        <SyncAttribute SourceName="maidenName" GlobalName="maidenName" Type="string" IsNullable="true" Autogenerated="false"/>
        <SyncAttribute SourceName="maritalStatusDsc" GlobalName="maritalStatusDsc" Type="string" IsNullable="true" Autogenerated="false"/>
        <SyncAttribute SourceName="maritalStatusDscId" GlobalName="maritalStatusDscId" Type="string" IsNullable="true" Autogenerated="false"/>
        <SyncAttribute SourceName="memberClientId" GlobalName="memberClientId" Type="string" IsNullable="true" Autogenerated="false"/>
        <SyncAttribute SourceName="memberDOB" GlobalName="memberDOB" Type="string" IsNullable="true" Autogenerated="false"/>
        <SyncAttribute SourceName="memberFName" GlobalName="memberFName" Type="string" IsNullable="true" Autogenerated="false"/>
        <SyncAttribute SourceName="memberGender" GlobalName="memberGender" Type="string" IsNullable="true" Autogenerated="false"/>
        <SyncAttribute SourceName="memberLastModifiedDate" GlobalName="memberLastModifiedDate" Type="string" IsNullable="true" Autogenerated="false"/>
        <SyncAttribute SourceName="memberLName" GlobalName="memberLName" Type="string" IsNullable="true" Autogenerated="false"/>
        <SyncAttribute SourceName="memberPrefix" GlobalName="memberPrefix" Type="string" IsNullable="true" Autogenerated="false"/>
        <SyncAttribute SourceName="memberSSN" GlobalName="memberSSN" Type="string" IsNullable="true" Autogenerated="false"/>
        <SyncAttribute SourceName="memberStatus" GlobalName="memberStatus" Type="string" IsNullable="true" Autogenerated="false"/>
        <SyncAttribute SourceName="memberTitleDscId" GlobalName="memberTitleDscId" Type="string" IsNullable="true" Autogenerated="false"/>
        <SyncAttribute SourceName="middleName" GlobalName="middleName" Type="string" IsNullable="true" Autogenerated="false"/>
        <SyncAttribute SourceName="militaryStatusDsc" GlobalName="militaryStatusDsc" Type="string" IsNullable="true" Autogenerated="false"/>
        <SyncAttribute SourceName="militaryStatusDscId" GlobalName="militaryStatusDscId" Type="string" IsNullable="true" Autogenerated="false"/>
        <SyncAttribute SourceName="needInterpreter" GlobalName="needInterpreter" Type="string" IsNullable="true" Autogenerated="false"/>
        <SyncAttribute SourceName="noDobReason" GlobalName="noDobReason" Type="string" IsNullable="true" Autogenerated="false"/>
        <SyncAttribute SourceName="noSsnReason" GlobalName="noSsnReason" Type="string" IsNullable="true" Autogenerated="false"/>
        <SyncAttribute SourceName="occupationDsc" GlobalName="occupationDsc" Type="string" IsNullable="true" Autogenerated="false"/>
        <SyncAttribute SourceName="occupationDscId" GlobalName="occupationDscId" Type="string" IsNullable="true" Autogenerated="false"/>
        <SyncAttribute SourceName="otherLanguageDsc" GlobalName="otherLanguageDsc" Type="string" IsNullable="true" Autogenerated="false"/>
        <SyncAttribute SourceName="otherLanguageDscId" GlobalName="otherLanguageDscId" Type="string" IsNullable="true" Autogenerated="false"/>
        <SyncAttribute SourceName="picture" GlobalName="picture" Type="string" IsNullable="true" Autogenerated="false"/>
        <SyncAttribute SourceName="placeOfBirth" GlobalName="placeOfBirth" Type="string" IsNullable="true" Autogenerated="false"/>
        <SyncAttribute SourceName="primaryLanguageDsc" GlobalName="primaryLanguageDsc" Type="string" IsNullable="true" Autogenerated="false"/>
        <SyncAttribute SourceName="primaryLanguageDscId" GlobalName="primaryLanguageDscId" Type="string" IsNullable="true" Autogenerated="false"/>
        <SyncAttribute SourceName="raceDsc" GlobalName="raceDsc" Type="string" IsNullable="true" Autogenerated="false"/>
        <SyncAttribute SourceName="raceDscId" GlobalName="raceDscId" Type="string" IsNullable="true" Autogenerated="false"/>
        <SyncAttribute SourceName="religionDsc" GlobalName="religionDsc" Type="string" IsNullable="true" Autogenerated="false"/>
        <SyncAttribute SourceName="religionDscId" GlobalName="religionDscId" Type="string" IsNullable="true" Autogenerated="false"/>
        <SyncAttribute SourceName="suffixDsc" GlobalName="suffixDsc" Type="string" IsNullable="true" Autogenerated="false"/>
        <SyncAttribute SourceName="suffixDscId" GlobalName="suffixDscId" Type="string" IsNullable="true" Autogenerated="false"/>
        <SyncAttribute SourceName="syncId" GlobalName="syncId" Type="string" IsNullable="true" Autogenerated="false"/>
        <SyncAttribute SourceName="titleDsc" GlobalName="titleDsc" Type="string" IsNullable="true" Autogenerated="false"/>
        <SyncAttribute SourceName="tribeDsc" GlobalName="tribeDsc" Type="string" IsNullable="true" Autogenerated="false"/>
        <SyncAttribute SourceName="tribeDscId" GlobalName="tribeDscId" Type="string" IsNullable="true" Autogenerated="false"/>
        <SyncAttribute SourceName="clientnumber" GlobalName="clientnumber" Type="string" IsNullable="true" Autogenerated="false"/>
        <SyncAttribute SourceName="ethnicityDscId" GlobalName="ethnicityDscId" Type="string" IsNullable="true" Autogenerated="false"/>
    </SyncAttributes>
    <Relationships/>
    <FilterParameters>
        <ClientFilterParameters/>
        <ServerFilterParameters/>
    </FilterParameters>
    <Operations>
        <Operation Name="Create" DataSource="CarelogicServices" ServiceID="None">
            <InputHeader/>
            <Input/>
            <Output/>
        </Operation>
        <Operation Name="Update" DataSource="CarelogicServices" ServiceID="None">
            <InputHeader/>
            <Input/>
            <Output/>
        </Operation>
        <Operation Name="Delete" DataSource="CarelogicServices" ServiceID="None">
            <InputHeader/>
            <Input/>
            <Output/>
        </Operation>
        <Operation Name="BulkCreate" DataSource="CarelogicServices" ServiceID="None">
            <InputHeader/>
            <Input/>
            <Output/>
        </Operation>
        <Operation Name="BulkUpdate" DataSource="CarelogicServices" ServiceID="None">
            <InputHeader/>
            <Input/>
            <Output/>
        </Operation>
        <Operation Name="BulkDelete" DataSource="CarelogicServices" ServiceID="None">
            <InputHeader/>
            <Input/>
            <Output/>
        </Operation>
        <Operation Name="BulkGet" DataSource="CarelogicServices" ServiceID="None">
            <InputHeader/>
            <Input/>
            <Output/>
        </Operation>
        <Operation Name="get" DataSource="CarelogicServices" ServiceID="None">
            <InputHeader/>
            <Input/>
            <Output/>
        </Operation>
        <Operation Name="getUpdated" DataSource="CarelogicServices" ServiceID="getClient">
            <InputHeader>
                <Param Name="Authorization" SourceValue="Authorization" Source="CONTEXT"/>
                <Param Name="Content-Type" SourceValue="application/json" Source="CONSTANT"/>
            </InputHeader>
            <Input>
                <Param Name="lastSync" SourceValue="lastSync" Source="CONTEXT"/>
                <Param Name="deviceId" SourceValue="deviceId" Source="CONTEXT"/>
                <Param Name="syncId" SourceValue="syncId" Source="CONTEXT"/>
            </Input>
            <Output>
                <Param Name="member.memberClientId" SourceValue="memberClientId" Source="ATTRIBUTE"/>
                <Param Name="member.jobTitle" SourceValue="jobTitle" Source="ATTRIBUTE"/>
                <Param Name="member.memberStatus" SourceValue="memberStatus" Source="ATTRIBUTE"/>
                <Param Name="member.employerName" SourceValue="employerName" Source="ATTRIBUTE"/>
                <Param Name="member.maidenName" SourceValue="maidenName" Source="ATTRIBUTE"/>
                <Param Name="member.raceDsc" SourceValue="raceDsc" Source="ATTRIBUTE"/>
                <Param Name="member.livingStatusDsc" SourceValue="livingStatusDsc" Source="ATTRIBUTE"/>
                <Param Name="member.suffixDsc" SourceValue="suffixDsc" Source="ATTRIBUTE"/>
                <Param Name="member.educationComments" SourceValue="educationComments" Source="ATTRIBUTE"/>
                <Param Name="member.memberSSN" SourceValue="memberSSN" Source="ATTRIBUTE"/>
                <Param Name="member.religionDscId" SourceValue="religionDscId" Source="ATTRIBUTE"/>
                <Param Name="member.deathDate" SourceValue="deathDate" Source="ATTRIBUTE"/>
                <Param Name="member.educationDscId" SourceValue="educationDscId" Source="ATTRIBUTE"/>
                <Param Name="member.hispanic" SourceValue="hispanic" Source="ATTRIBUTE"/>
                <Param Name="member.livingStatusDscId" SourceValue="livingStatusDscId" Source="ATTRIBUTE"/>
                <Param Name="member.otherLanguageDscId" SourceValue="otherLanguageDscId" Source="ATTRIBUTE"/>
                <Param Name="member.memberFName" SourceValue="memberFName" Source="ATTRIBUTE"/>
                <Param Name="member.maritalStatusDscId" SourceValue="maritalStatusDscId" Source="ATTRIBUTE"/>
                <Param Name="member.needInterpreter" SourceValue="needInterpreter" Source="ATTRIBUTE"/>
                <Param Name="member.memberPrefix" SourceValue="memberPrefix" Source="ATTRIBUTE"/>
                <Param Name="member.maritalStatusDsc" SourceValue="maritalStatusDsc" Source="ATTRIBUTE"/>
                <Param Name="member.primaryLanguageDscId" SourceValue="primaryLanguageDscId" Source="ATTRIBUTE"/>
                <Param Name="member.memberTitleDscId" SourceValue="memberTitleDscId" Source="ATTRIBUTE"/>
                <Param Name="member.militaryStatusDscId" SourceValue="militaryStatusDscId" Source="ATTRIBUTE"/>
                <Param Name="member.placeOfBirth" SourceValue="placeOfBirth" Source="ATTRIBUTE"/>
                <Param Name="member.noDobReason" SourceValue="noDobReason" Source="ATTRIBUTE"/>
                <Param Name="member.occupationDscId" SourceValue="occupationDscId" Source="ATTRIBUTE"/>
                <Param Name="member.memberGender" SourceValue="memberGender" Source="ATTRIBUTE"/>
                <Param Name="member.employmentStatusDscId" SourceValue="employmentStatusDscId" Source="ATTRIBUTE"/>
                <Param Name="member.otherLanguageDsc" SourceValue="otherLanguageDsc" Source="ATTRIBUTE"/>
                <Param Name="member.tribeDsc" SourceValue="tribeDsc" Source="ATTRIBUTE"/>
                <Param Name="member.religionDsc" SourceValue="religionDsc" Source="ATTRIBUTE"/>
                <Param Name="member.militaryStatusDsc" SourceValue="militaryStatusDsc" Source="ATTRIBUTE"/>
                <Param Name="member.tribeDscId" SourceValue="tribeDscId" Source="ATTRIBUTE"/>
                <Param Name="member.picture" SourceValue="picture" Source="ATTRIBUTE"/>
                <Param Name="member.suffixDscId" SourceValue="suffixDscId" Source="ATTRIBUTE"/>
                <Param Name="member.titleDsc" SourceValue="titleDsc" Source="ATTRIBUTE"/>
                <Param Name="member.employmentStatusDsc" SourceValue="employmentStatusDsc" Source="ATTRIBUTE"/>
                <Param Name="member.educationDsc" SourceValue="educationDsc" Source="ATTRIBUTE"/>
                <Param Name="member.middleName" SourceValue="middleName" Source="ATTRIBUTE"/>
                <Param Name="member.noSsnReason" SourceValue="noSsnReason" Source="ATTRIBUTE"/>
                <Param Name="member.memberLName" SourceValue="memberLName" Source="ATTRIBUTE"/>
                <Param Name="member.memberDOB" SourceValue="memberDOB" Source="ATTRIBUTE"/>
                <Param Name="member.age" SourceValue="age" Source="ATTRIBUTE"/>
                <Param Name="member.primaryLanguageDsc" SourceValue="primaryLanguageDsc" Source="ATTRIBUTE"/>
                <Param Name="member.occupationDsc" SourceValue="occupationDsc" Source="ATTRIBUTE"/>
                <Param Name="member.raceDscId" SourceValue="raceDscId" Source="ATTRIBUTE"/>
                <Param Name="memberLastModifiedDate" SourceValue="memberLastModifiedDate" Source="ATTRIBUTE"/>
                <Param Name="member.ethnicityDscId" SourceValue="ethnicityDscId" Source="ATTRIBUTE"/>
                <Param Name="member.clientNumber" SourceValue="clientnumber" Source="ATTRIBUTE"/>
            </Output>
        </Operation>
        <Operation Name="getDeleted" DataSource="CarelogicServices" ServiceID="None">
            <InputHeader/>
            <Input/>
            <Output/>
        </Operation>
        <Operation Name="getBatch" DataSource="CarelogicServices" ServiceID="None">
            <InputHeader/>
            <Input/>
            <Output/>
        </Operation>
    </Operations>
</SyncObject>
