<?xml version="1.0" encoding="UTF-8" standalone="yes"?>
<SyncObject Generated="false" SourceName="MODULES" GlobalName="MODULES">
    <SyncAttributes>
        <Key>
            <Attribute GlobalName="id"/>
        </Key>
        <SyncAttribute SourceName="moduleDisabled" GlobalName="moduleDisabled" Type="string" IsNullable="true" Autogenerated="false"/>
        <SyncAttribute SourceName="moduleId" GlobalName="moduleId" Type="string" IsNullable="true" Autogenerated="false"/>
        <SyncAttribute SourceName="moduleName" GlobalName="moduleName" Type="string" IsNullable="true" Autogenerated="false"/>
        <SyncAttribute SourceName="moduleOrder" GlobalName="moduleOrder" Type="int" IsNullable="true" Autogenerated="false"/>
        <SyncAttribute SourceName="moduleReference" GlobalName="moduleReference" Type="string" IsNullable="true" Autogenerated="false"/>
        <SyncAttribute SourceName="moduleReleaseDate" GlobalName="moduleReleaseDate" Type="string" IsNullable="true" Autogenerated="false"/>
        <SyncAttribute SourceName="moduleServiceDocumentId" GlobalName="moduleServiceDocumentId" Type="string" IsNullable="true" Autogenerated="false"/>
        <SyncAttribute SourceName="moduleTableName" GlobalName="moduleTableName" Type="string" IsNullable="true" Autogenerated="false"/>
        <SyncAttribute SourceName="moduleType" GlobalName="moduleType" Type="string" IsNullable="true" Autogenerated="false"/>
        <SyncAttribute SourceName="id" GlobalName="id" Type="string" IsNullable="false" Autogenerated="false"/>
        <SyncAttribute SourceName="timestamp" GlobalName="timestamp" Type="string" IsNullable="true" Autogenerated="false"/>
        <SyncAttribute SourceName="impactConfig" GlobalName="impactConfig" Type="string" IsNullable="true" Autogenerated="false"/>
    </SyncAttributes>
    <Relationships>
        <OneToMany TargetObject="CONFIGURATIONS" TargetObjectAttribute="configId" SourceObjectAttribute="id" Cascade="true"/>
    </Relationships>
    <FilterParameters>
        <ClientFilterParameters/>
        <ServerFilterParameters/>
    </FilterParameters>
    <Operations>
        <Operation Name="Create" DataSource="CarelogicServices" ServiceID="None">
            <InputHeader/>
            <Input/>
            <Output/>
        </Operation>
        <Operation Name="Update" DataSource="CarelogicServices" ServiceID="None">
            <InputHeader/>
            <Input/>
            <Output/>
        </Operation>
        <Operation Name="Delete" DataSource="CarelogicServices" ServiceID="None">
            <InputHeader/>
            <Input/>
            <Output/>
        </Operation>
        <Operation Name="BulkCreate" DataSource="CarelogicServices" ServiceID="None">
            <InputHeader/>
            <Input/>
            <Output/>
        </Operation>
        <Operation Name="BulkUpdate" DataSource="CarelogicServices" ServiceID="None">
            <InputHeader/>
            <Input/>
            <Output/>
        </Operation>
        <Operation Name="BulkDelete" DataSource="CarelogicServices" ServiceID="None">
            <InputHeader/>
            <Input/>
            <Output/>
        </Operation>
        <Operation Name="BulkGet" DataSource="CarelogicServices" ServiceID="None">
            <InputHeader/>
            <Input/>
            <Output/>
        </Operation>
        <Operation Name="get" DataSource="CarelogicServices" ServiceID="None">
            <InputHeader/>
            <Input/>
            <Output/>
        </Operation>
        <Operation Name="getUpdated" DataSource="CarelogicServices" ServiceID="getServicedocuments">
            <InputHeader>
                <Param Name="Authorization" SourceValue="Authorization" Source="CONTEXT"/>
                <Param Name="Content-Type" SourceValue="application/json" Source="CONSTANT"/>
            </InputHeader>
            <Input>
                <Param Name="deviceId" SourceValue="deviceId" Source="CONTEXT"/>
                <Param Name="lastSync" SourceValue="lastSync" Source="CONTEXT"/>
                <Param Name="syncId" SourceValue="syncId" Source="CONTEXT"/>
            </Input>
            <Output>
                <Param Name="modules.moduleOrder" SourceValue="moduleOrder" Source="ATTRIBUTE"/>
                <Param Name="modules.moduleType" SourceValue="moduleType" Source="ATTRIBUTE"/>
                <Param Name="modules.moduleReleaseDate" SourceValue="moduleReleaseDate" Source="ATTRIBUTE"/>
                <Param Name="modules.moduleServiceDocumentId" SourceValue="moduleServiceDocumentId" Source="ATTRIBUTE"/>
                <Param Name="modules.moduleReference" SourceValue="moduleReference" Source="ATTRIBUTE"/>
                <Param Name="modules.moduleName" SourceValue="moduleName" Source="ATTRIBUTE"/>
                <Param Name="modules.moduleId" SourceValue="moduleId" Source="ATTRIBUTE"/>
                <Param Name="modules.moduleDisabled" SourceValue="moduleDisabled" Source="ATTRIBUTE"/>
                <Param Name="modules.moduleTableName" SourceValue="moduleTableName" Source="ATTRIBUTE"/>
                <Param Name="modules.id" SourceValue="id" Source="ATTRIBUTE"/>
                <Param Name="modules.impactConfig" SourceValue="impactConfig" Source="ATTRIBUTE"/>
            </Output>
        </Operation>
        <Operation Name="getDeleted" DataSource="CarelogicServices" ServiceID="None">
            <InputHeader/>
            <Input/>
            <Output/>
        </Operation>
        <Operation Name="getBatch" DataSource="CarelogicServices" ServiceID="None">
            <InputHeader/>
            <Input/>
            <Output/>
        </Operation>
    </Operations>
</SyncObject>
