<?xml version="1.0" encoding="UTF-8" standalone="yes"?>
<SyncObject Generated="false" SourceName="DESCRIPTOR" GlobalName="DESCRIPTOR">
    <SyncAttributes>
        <Key>
            <Attribute GlobalName="key"/>
        </Key>
        <SyncAttribute SourceName="beginDate" GlobalName="beginDate" Type="string" IsNullable="true" Autogenerated="false"/>
        <SyncAttribute SourceName="defaultMappedValue" GlobalName="defaultMappedValue" Type="string" IsNullable="true" Autogenerated="false"/>
        <SyncAttribute SourceName="endDate" GlobalName="endDate" Type="string" IsNullable="true" Autogenerated="false"/>
        <SyncAttribute SourceName="key" GlobalName="key" Type="string" IsNullable="true" Autogenerated="false"/>
        <SyncAttribute SourceName="sortOrder" GlobalName="sortOrder" Type="string" IsNullable="true" Autogenerated="false"/>
        <SyncAttribute SourceName="organizationId" GlobalName="organizationId" Type="string" IsNullable="true" Autogenerated="false"/>
        <SyncAttribute SourceName="priority" GlobalName="priority" Type="string" IsNullable="true" Autogenerated="false"/>
        <SyncAttribute SourceName="setAsDefault" GlobalName="setAsDefault" Type="string" IsNullable="true" Autogenerated="false"/>
        <SyncAttribute SourceName="type" GlobalName="type" Type="string" IsNullable="true" Autogenerated="false"/>
        <SyncAttribute SourceName="value" GlobalName="value" Type="string" IsNullable="true" Autogenerated="false"/>
        <SyncAttribute SourceName="subType" GlobalName="subType" Type="string" IsNullable="true" Autogenerated="false"/>
    </SyncAttributes>
    <Relationships/>
    <FilterParameters>
        <ClientFilterParameters/>
        <ServerFilterParameters/>
    </FilterParameters>
    <Operations>
        <Operation Name="Create" DataSource="ConfigurableForm" ServiceID="None">
            <InputHeader/>
            <Input/>
            <Output/>
        </Operation>
        <Operation Name="Update" DataSource="ConfigurableForm" ServiceID="None">
            <InputHeader/>
            <Input/>
            <Output/>
        </Operation>
        <Operation Name="Delete" DataSource="ConfigurableForm" ServiceID="None">
            <InputHeader/>
            <Input/>
            <Output/>
        </Operation>
        <Operation Name="BulkCreate" DataSource="ConfigurableForm" ServiceID="None">
            <InputHeader/>
            <Input/>
            <Output/>
        </Operation>
        <Operation Name="BulkUpdate" DataSource="ConfigurableForm" ServiceID="None">
            <InputHeader/>
            <Input/>
            <Output/>
        </Operation>
        <Operation Name="BulkDelete" DataSource="ConfigurableForm" ServiceID="None">
            <InputHeader/>
            <Input/>
            <Output/>
        </Operation>
        <Operation Name="BulkGet" DataSource="ConfigurableForm" ServiceID="None">
            <InputHeader/>
            <Input/>
            <Output/>
        </Operation>
        <Operation Name="get" DataSource="ConfigurableForm" ServiceID="None">
            <InputHeader/>
            <Input/>
            <Output/>
        </Operation>
        <Operation Name="getUpdated" DataSource="ConfigurableForm" ServiceID="getDescriptor">
            <InputHeader>
                <Param Name="Authorization" SourceValue="Authorization" Source="CONTEXT"/>
                <Param Name="Content-Type" SourceValue="application/json" Source="CONSTANT"/>
            </InputHeader>
            <Input>
                <Param Name="lastSync" SourceValue="lastSync" Source="CONTEXT"/>
                <Param Name="deviceId" SourceValue="deviceId" Source="CONTEXT"/>
                <Param Name="syncId" SourceValue="syncId" Source="CONTEXT"/>
            </Input>
            <Output>
                <Param Name="descriptor.organizationId" SourceValue="organizationId" Source="ATTRIBUTE"/>
                <Param Name="descriptor.beginDate" SourceValue="beginDate" Source="ATTRIBUTE"/>
                <Param Name="descriptor.endDate" SourceValue="endDate" Source="ATTRIBUTE"/>
                <Param Name="descriptor.defaultMappedValue" SourceValue="defaultMappedValue" Source="ATTRIBUTE"/>
                <Param Name="descriptor.priority" SourceValue="priority" Source="ATTRIBUTE"/>
                <Param Name="descriptor.type" SourceValue="type" Source="ATTRIBUTE"/>
                <Param Name="descriptor.value" SourceValue="value" Source="ATTRIBUTE"/>
                <Param Name="descriptor.key" SourceValue="key" Source="ATTRIBUTE"/>
                <Param Name="descriptor.sortOrder" SourceValue="sortOrder" Source="ATTRIBUTE"/>
                <Param Name="descriptor.setAsDefault" SourceValue="setAsDefault" Source="ATTRIBUTE"/>
                <Param Name="descriptor.subType" SourceValue="subType" Source="ATTRIBUTE"/>
            </Output>
        </Operation>
        <Operation Name="getDeleted" DataSource="ConfigurableForm" ServiceID="None">
            <InputHeader/>
            <Input/>
            <Output/>
        </Operation>
        <Operation Name="getBatch" DataSource="ConfigurableForm" ServiceID="None">
            <InputHeader/>
            <Input/>
            <Output/>
        </Operation>
    </Operations>
</SyncObject>
