<?xml version="1.0" encoding="UTF-8" standalone="yes"?>
<SyncObject Generated="false" SourceName="organization" GlobalName="organization">
    <SyncAttributes>
        <Key>
            <Attribute GlobalName="id"/>
        </Key>
        <SyncAttribute SourceName="beginDate" GlobalName="beginDate" Type="string" IsNullable="true" Autogenerated="false"/>
        <SyncAttribute SourceName="changedDate" GlobalName="changedDate" Type="timestamp" IsNullable="true" Autogenerated="false"/>
        <SyncAttribute SourceName="createdDate" GlobalName="createdDate" Type="timestamp" IsNullable="true" Autogenerated="false"/>
        <SyncAttribute SourceName="id" GlobalName="id" Type="string" IsNullable="false" Autogenerated="true"/>
        <SyncAttribute SourceName="mobile" GlobalName="mobile" Type="string" IsNullable="true" Autogenerated="false"/>
        <SyncAttribute SourceName="name" GlobalName="name" Type="string" IsNullable="true" Autogenerated="false"/>
        <SyncAttribute SourceName="parentOrganizationId" GlobalName="parentOrganizationId" Type="string" IsNullable="true" Autogenerated="false"/>
        <SyncAttribute SourceName="phoneAreaCode" GlobalName="phoneAreaCode" Type="string" IsNullable="true" Autogenerated="false"/>
        <SyncAttribute SourceName="phoneNumber" GlobalName="phoneNumber" Type="string" IsNullable="true" Autogenerated="false"/>
        <SyncAttribute SourceName="shortName" GlobalName="shortName" Type="string" IsNullable="true" Autogenerated="false"/>
        <SyncAttribute SourceName="accessibleByUser" GlobalName="accessibleByUser" Type="string" IsNullable="true" Autogenerated="false"/>
    </SyncAttributes>
    <Relationships/>
    <FilterParameters>
        <ClientFilterParameters/>
        <ServerFilterParameters/>
    </FilterParameters>
    <Operations>
        <Operation Name="Create" DataSource="CarelogicServices" ServiceID="None">
            <InputHeader/>
            <Input/>
            <Output/>
        </Operation>
        <Operation Name="Update" DataSource="CarelogicServices" ServiceID="None">
            <InputHeader/>
            <Input/>
            <Output/>
        </Operation>
        <Operation Name="Delete" DataSource="CarelogicServices" ServiceID="None">
            <InputHeader/>
            <Input/>
            <Output/>
        </Operation>
        <Operation Name="BulkCreate" DataSource="CarelogicServices" ServiceID="None">
            <InputHeader/>
            <Input/>
            <Output/>
        </Operation>
        <Operation Name="BulkUpdate" DataSource="CarelogicServices" ServiceID="None">
            <InputHeader/>
            <Input/>
            <Output/>
        </Operation>
        <Operation Name="BulkDelete" DataSource="CarelogicServices" ServiceID="None">
            <InputHeader/>
            <Input/>
            <Output/>
        </Operation>
        <Operation Name="BulkGet" DataSource="CarelogicServices" ServiceID="None">
            <InputHeader/>
            <Input/>
            <Output/>
        </Operation>
        <Operation Name="get" DataSource="CarelogicServices" ServiceID="None">
            <InputHeader/>
            <Input/>
            <Output/>
        </Operation>
        <Operation Name="getUpdated" DataSource="CarelogicServices" ServiceID="getOrganizations">
            <InputHeader>
                <Param Name="Authorization" SourceValue="Authorization" Source="CONTEXT"/>
                <Param Name="Content-Type" SourceValue="application/json" Source="CONSTANT"/>
            </InputHeader>
            <Input>
                <Param Name="lastSync" SourceValue="lastSync" Source="CONTEXT"/>
                <Param Name="deviceId" SourceValue="deviceId" Source="CONTEXT"/>
                <Param Name="syncId" SourceValue="syncId" Source="CONTEXT"/>
            </Input>
            <Output>
                <Param Name="organizations.beginDate" SourceValue="beginDate" Source="ATTRIBUTE"/>
                <Param Name="organizations.phoneAreaCode" SourceValue="phoneAreaCode" Source="ATTRIBUTE"/>
                <Param Name="organizations.phoneNumber" SourceValue="phoneNumber" Source="ATTRIBUTE"/>
                <Param Name="organizations.mobile" SourceValue="mobile" Source="ATTRIBUTE"/>
                <Param Name="organizations.name" SourceValue="name" Source="ATTRIBUTE"/>
                <Param Name="organizations.id" SourceValue="id" Source="ATTRIBUTE"/>
                <Param Name="organizations.shortName" SourceValue="shortName" Source="ATTRIBUTE"/>
                <Param Name="organizations.parentOrganizationId" SourceValue="parentOrganizationId" Source="ATTRIBUTE"/>
                <Param Name="organizations.accessibleByUser" SourceValue="accessibleByUser" Source="ATTRIBUTE"/>
            </Output>
        </Operation>
        <Operation Name="getDeleted" DataSource="CarelogicServices" ServiceID="None">
            <InputHeader/>
            <Input/>
            <Output/>
        </Operation>
        <Operation Name="getBatch" DataSource="CarelogicServices" ServiceID="None">
            <InputHeader/>
            <Input/>
            <Output/>
        </Operation>
    </Operations>
</SyncObject>
