<?xml version="1.0" encoding="UTF-8" standalone="yes"?>
<SyncObject Generated="false" SourceName="PGOI" GlobalName="PGOI">
    <SyncAttributes>
        <Key>
            <Attribute GlobalName="pgoiId"/>
        </Key>
        <SyncAttribute SourceName="changedDate" GlobalName="changedDate" Type="timestamp" IsNullable="true" Autogenerated="false"/>
        <SyncAttribute SourceName="comment" GlobalName="comment" Type="string" IsNullable="true" Autogenerated="false"/>
        <SyncAttribute SourceName="createdDate" GlobalName="createdDate" Type="string" IsNullable="true" Autogenerated="false"/>
        <SyncAttribute SourceName="documentId" GlobalName="documentId" Type="string" IsNullable="true" Autogenerated="false"/>
        <SyncAttribute SourceName="name" GlobalName="name" Type="string" IsNullable="true" Autogenerated="false"/>
        <SyncAttribute SourceName="pgoiId" GlobalName="pgoiId" Type="string" IsNullable="false" Autogenerated="false"/>
        <SyncAttribute SourceName="priorityDscId" GlobalName="priorityDscId" Type="string" IsNullable="true" Autogenerated="false"/>
        <SyncAttribute SourceName="selected" GlobalName="selected" Type="string" IsNullable="true" Autogenerated="false"/>
        <SyncAttribute SourceName="statusDscId" GlobalName="statusDscId" Type="string" IsNullable="true" Autogenerated="false"/>
        <SyncAttribute SourceName="tPlanMasterId" GlobalName="tPlanMasterId" Type="string" IsNullable="true" Autogenerated="false"/>
        <SyncAttribute SourceName="type" GlobalName="type" Type="string" IsNullable="true" Autogenerated="false"/>
        <SyncAttribute SourceName="typeName" GlobalName="typeName" Type="string" IsNullable="true" Autogenerated="false"/>
        <SyncAttribute SourceName="value" GlobalName="value" Type="string" IsNullable="true" Autogenerated="false"/>
        <SyncAttribute SourceName="completedDate" GlobalName="completedDate" Type="string" IsNullable="true" Autogenerated="false"/>
        <SyncAttribute SourceName="priorityMappedValue" GlobalName="priorityMappedValue" Type="string" IsNullable="true" Autogenerated="false"/>
        <SyncAttribute SourceName="targetDate" GlobalName="targetDate" Type="string" IsNullable="true" Autogenerated="false"/>
        <SyncAttribute SourceName="startDate" GlobalName="startDate" Type="string" IsNullable="true" Autogenerated="false"/>
        <SyncAttribute SourceName="activities" GlobalName="activities" Type="string" IsNullable="true" Autogenerated="false"/>
    </SyncAttributes>
    <Relationships/>
    <FilterParameters>
        <ClientFilterParameters/>
        <ServerFilterParameters/>
    </FilterParameters>
    <Operations>
        <Operation Name="Create" DataSource="CarelogicServices" ServiceID="None">
            <InputHeader/>
            <Input/>
            <Output/>
        </Operation>
        <Operation Name="Update" DataSource="CarelogicServices" ServiceID="None">
            <InputHeader/>
            <Input/>
            <Output/>
        </Operation>
        <Operation Name="Delete" DataSource="CarelogicServices" ServiceID="None">
            <InputHeader/>
            <Input/>
            <Output/>
        </Operation>
        <Operation Name="BulkCreate" DataSource="CarelogicServices" ServiceID="None">
            <InputHeader/>
            <Input/>
            <Output/>
        </Operation>
        <Operation Name="BulkUpdate" DataSource="CarelogicServices" ServiceID="None">
            <InputHeader/>
            <Input/>
            <Output/>
        </Operation>
        <Operation Name="BulkDelete" DataSource="CarelogicServices" ServiceID="None">
            <InputHeader/>
            <Input/>
            <Output/>
        </Operation>
        <Operation Name="BulkGet" DataSource="CarelogicServices" ServiceID="None">
            <InputHeader/>
            <Input/>
            <Output/>
        </Operation>
        <Operation Name="get" DataSource="CarelogicServices" ServiceID="None">
            <InputHeader/>
            <Input/>
            <Output/>
        </Operation>
        <Operation Name="getUpdated" DataSource="CarelogicServices" ServiceID="getPGOI">
            <InputHeader>
                <Param Name="Authorization" SourceValue="Authorization" Source="CONTEXT"/>
                <Param Name="Content-Type" SourceValue="application/json" Source="CONSTANT"/>
            </InputHeader>
            <Input>
                <Param Name="lastSync" SourceValue="lastSync" Source="CONTEXT"/>
                <Param Name="deviceId" SourceValue="deviceId" Source="CONTEXT"/>
                <Param Name="syncId" SourceValue="syncId" Source="CONTEXT"/>
            </Input>
            <Output>
                <Param Name="pgoi.priorityDscId" SourceValue="priorityDscId" Source="ATTRIBUTE"/>
                <Param Name="pgoi.typeName" SourceValue="typeName" Source="ATTRIBUTE"/>
                <Param Name="pgoi.type" SourceValue="type" Source="ATTRIBUTE"/>
                <Param Name="pgoi.pgoiId" SourceValue="pgoiId" Source="ATTRIBUTE"/>
                <Param Name="pgoi.createdDate" SourceValue="createdDate" Source="ATTRIBUTE"/>
                <Param Name="pgoi.name" SourceValue="name" Source="ATTRIBUTE"/>
                <Param Name="pgoi.statusDscId" SourceValue="statusDscId" Source="ATTRIBUTE"/>
                <Param Name="pgoi.comment" SourceValue="comment" Source="ATTRIBUTE"/>
                <Param Name="pgoi.documentId" SourceValue="documentId" Source="ATTRIBUTE"/>
                <Param Name="pgoi.tPlanMasterId" SourceValue="tPlanMasterId" Source="ATTRIBUTE"/>
                <Param Name="pgoi.value" SourceValue="value" Source="ATTRIBUTE"/>
                <Param Name="pgoi.selected" SourceValue="selected" Source="ATTRIBUTE"/>
                <Param Name="pgoi.priorityMappedValue" SourceValue="priorityMappedValue" Source="ATTRIBUTE"/>
                <Param Name="pgoi.targetDate" SourceValue="targetDate" Source="ATTRIBUTE"/>
                <Param Name="pgoi.startDate" SourceValue="startDate" Source="ATTRIBUTE"/>
                <Param Name="pgoi.completedDate" SourceValue="completedDate" Source="ATTRIBUTE"/>
                <Param Name="pgoi.activities" SourceValue="activities" Source="ATTRIBUTE"/>
            </Output>
        </Operation>
        <Operation Name="getDeleted" DataSource="CarelogicServices" ServiceID="None">
            <InputHeader/>
            <Input/>
            <Output/>
        </Operation>
        <Operation Name="getBatch" DataSource="CarelogicServices" ServiceID="None">
            <InputHeader/>
            <Input/>
            <Output/>
        </Operation>
    </Operations>
</SyncObject>
