<?xml version="1.0" encoding="UTF-8" standalone="yes"?>
<service serviceGroup="" cachable="false" cacheduration="" description="" endpoint="default" groupType="" id="contactInfoWriteTelephone" passwordencrypted="false" security="authorized_app" type="jsonConnector" smscode="" smsenabled="false">
    <service-config>
        <config-param api-version="" appid="" name="preprocessorname" value=""/>
        <config-param api-version="" appid="" name="postprocessorname" value=""/>
        <config-param api-version="" appid="" name="preprocessorJS" value=""/>
        <config-param api-version="" appid="" name="postprocessorJS" value=""/>
        <config-param api-version="" appid="" name="kony_http_supported_methods" value="POST"/>
        <config-param api-version="" appid="" name="endpointUrl" value="https://apimobile-kony-uat.qualifacts.org/api/gateway/mobile/sync/write/telephone"/>
        <config-param api-version="" appid="" name="ignorehttpproxy" value="true"/>
        <config-param api-version="" appid="" name="http.method" value="POST"/>
        <config-param api-version="" appid="" name="dataObjectName" value=""/>
        <config-param api-version="" appid="" name="sockettimeout" value="300000"/>
        <config-param api-version="" appid="" name="responseEncoding" value="UTF-8"/>
        <config-param api-version="" appid="" name="isembedxmlpresent" value="false"/>
        <config-param api-version="" appid="" name="retrycount" value="0"/>
    </service-config>
    <service-input passthrough="false">
        <header datatype="" name="" passthrough="false">
            <param datatype="string" defaultvalue="application/json" description="" encode="false" format="None" formatvalue="" name="Content-Type" order="" sms-name="" src="request" sourcevalue="" srcformatvalue="" target="" targetdatatype="" testvalue="" value="application/json">
                <accessType></accessType>
            </param>
            <param datatype="string" defaultvalue="" description="" encode="false" format="None" formatvalue="" name="Authorization" order="" sms-name="" src="request" sourcevalue="" srcformatvalue="" target="" targetdatatype="" testvalue="Bearer 197561b3-98c6-436d-9dbf-3964bb92fc58" value="">
                <accessType></accessType>
            </param>
        </header>
        <param datatype="string" defaultvalue="" description="" encode="false" format="None" formatvalue="" name="input" order="" passnull="false" sms-name="" src="request" sourcevalue="" srcformatvalue="" target="request" targetdatatype="java.lang.String" testvalue="{&quot;deviceId&quot;:&quot;1115&quot;,&quot;lastSync&quot;:&quot;2018-03-24T07:34:51.154Z&quot;,&quot;syncId&quot;:&quot;5ab689da9bb5410001c3783c&quot;,&quot;resources&quot;:[{&quot;clientId&quot;:2020,&quot;id&quot;:1391,&quot;areaCode&quot;:&quot;011&quot;,&quot;number&quot;:&quot;123-9999&quot;,&quot;extension&quot;:&quot;12334&quot;,&quot;primary&quot;:false,&quot;typeDscId&quot;:1153,&quot;typeDsc&quot;:&quot;Cell&quot;,&quot;okToId&quot;:&quot;N&quot;,&quot;audit&quot;:{&quot;createdBy&quot;:1,&quot;createdDate&quot;:&quot;2000-04-30T19:25:34.028Z&quot;,&quot;changedBy&quot;:1,&quot;changedDate&quot;:&quot;2018-01-27T03:50:36.774Z&quot;}},{&quot;clientId&quot;:2020,&quot;id&quot;:1392,&quot;areaCode&quot;:&quot;022&quot;,&quot;number&quot;:&quot;234-1234&quot;,&quot;extension&quot;:&quot;12345&quot;,&quot;primary&quot;:false,&quot;typeDscId&quot;:1154,&quot;typeDsc&quot;:&quot;Home&quot;,&quot;okToId&quot;:&quot;N&quot;,&quot;audit&quot;:{&quot;createdBy&quot;:1,&quot;createdDate&quot;:&quot;2000-04-30T19:25:34.028Z&quot;,&quot;changedBy&quot;:1,&quot;changedDate&quot;:&quot;2018-01-27T03:50:36.774Z&quot;}},{&quot;clientId&quot;:2027,&quot;id&quot;:1402,&quot;areaCode&quot;:&quot;324&quot;,&quot;number&quot;:&quot;989-1242&quot;,&quot;extension&quot;:&quot;34534&quot;,&quot;primary&quot;:true,&quot;typeDscId&quot;:1154,&quot;typeDsc&quot;:&quot;Home&quot;,&quot;okToId&quot;:&quot;N&quot;,&quot;audit&quot;:{&quot;createdBy&quot;:1,&quot;createdDate&quot;:&quot;2000-04-30T19:25:34.028Z&quot;,&quot;changedBy&quot;:1,&quot;changedDate&quot;:&quot;2018-01-27T03:50:36.774Z&quot;}}]}" value="">
            <accessType></accessType>
        </param>
        <template-param datatype="" defaultvalue="$input" description="" encode="false" format="" formatvalue="" name="message" order="" sms-name="" src="" sourcevalue="" srcformatvalue="" target="" targetdatatype="" value="$input">
            <accessType></accessType>
        </template-param>
        <stub-param value=""/>
    </service-input>
    <service-output passthrough="false">
        <param datatype="string" defaultvalue="" description="" encode="true" format="None" formatvalue="" name="syncId" order="" passnull="false" sms-name="" src="syncId" sourcevalue="" srcformatvalue="" target="response" targetdatatype="java.lang.String" testvalue="" value="">
            <accessType></accessType>
        </param>
    </service-output>
</service>
