<?xml version="1.0" encoding="UTF-8" standalone="yes"?>
<service serviceGroup="" cachable="false" cacheduration="" description="" endpoint="default" groupType="" id="contactInfoWriteAddress" passwordencrypted="false" security="authorized_app" type="jsonConnector" smscode="" smsenabled="false">
    <service-config>
        <config-param api-version="" appid="" name="preprocessorname" value=""/>
        <config-param api-version="" appid="" name="postprocessorname" value=""/>
        <config-param api-version="" appid="" name="preprocessorJS" value=""/>
        <config-param api-version="" appid="" name="postprocessorJS" value=""/>
        <config-param api-version="" appid="" name="kony_http_supported_methods" value="POST"/>
        <config-param api-version="" appid="" name="endpointUrl" value="https://apimobile-kony-uat.qualifacts.org/api/gateway/mobile/sync/write/address"/>
        <config-param api-version="" appid="" name="ignorehttpproxy" value="true"/>
        <config-param api-version="" appid="" name="http.method" value="POST"/>
        <config-param api-version="" appid="" name="dataObjectName" value=""/>
        <config-param api-version="" appid="" name="sockettimeout" value="300000"/>
        <config-param api-version="" appid="" name="responseEncoding" value="UTF-8"/>
        <config-param api-version="" appid="" name="isembedxmlpresent" value="false"/>
        <config-param api-version="" appid="" name="retrycount" value="0"/>
    </service-config>
    <service-input passthrough="false">
        <header datatype="" name="" passthrough="false">
            <param datatype="string" defaultvalue="application/json" description="" encode="false" format="None" formatvalue="" name="Content-Type" order="" sms-name="" src="request" sourcevalue="" srcformatvalue="" target="" targetdatatype="" testvalue="" value="application/json">
                <accessType></accessType>
            </param>
            <param datatype="string" defaultvalue="" description="" encode="false" format="None" formatvalue="" name="Authorization" order="" sms-name="" src="request" sourcevalue="" srcformatvalue="" target="" targetdatatype="" testvalue="Bearer 6081535b-5d5e-4981-b89a-d93ea562c320" value="">
                <accessType></accessType>
            </param>
        </header>
        <param datatype="string" defaultvalue="" description="" encode="false" format="None" formatvalue="" name="input" order="" passnull="false" sms-name="" src="request" sourcevalue="" srcformatvalue="" target="request" targetdatatype="java.lang.String" testvalue="{    &quot;deviceId&quot;:&quot;12346&quot;,    &quot;lastSync&quot;:&quot;1900-01-05T20:05:39.929Z&quot;,    &quot;syncId&quot;:&quot;5aaf496012a1be00016374e1&quot;,    &quot;resources&quot;:[       {          &quot;id&quot;:&quot;2497&quot;,          &quot;street1&quot;:&quot;PO Box 4438&quot;,          &quot;street2&quot;:&quot;line 2&quot;,          &quot;aptSuite&quot;:&quot;403&quot;,          &quot;city&quot;:&quot;Scranton&quot;,          &quot;state&quot;:&quot;State 2&quot;,          &quot;zip&quot;:&quot;18505&quot;,          &quot;county&quot;:&quot;County 2&quot;,          &quot;countryDscId&quot;:&quot;2&quot;,          &quot;zipPlusFour&quot;:&quot;1234&quot;,          &quot;clientId&quot;:&quot;2018&quot;,          &quot;type&quot;:&quot;PHYS&quot;,          &quot;audit&quot;:{             &quot;createdBy&quot;:1,             &quot;createdDate&quot;:&quot;2000-04-30T19:25:34.028Z&quot;,             &quot;changedBy&quot;:1,             &quot;changedDate&quot;:&quot;2018-01-27T03:50:36.774Z&quot;          }       }    ] }" value="">
            <accessType></accessType>
        </param>
        <template-param datatype="" defaultvalue="$input" description="" encode="false" format="" formatvalue="" name="message" order="" sms-name="" src="" sourcevalue="" srcformatvalue="" target="" targetdatatype="" value="$input">
            <accessType></accessType>
        </template-param>
        <stub-param value=""/>
    </service-input>
    <service-output passthrough="false">
        <param datatype="string" defaultvalue="" description="" encode="true" format="None" formatvalue="" name="syncId" order="" passnull="false" sms-name="" src="syncId" sourcevalue="" srcformatvalue="" target="response" targetdatatype="java.lang.String" testvalue="" value="">
            <accessType></accessType>
        </param>
    </service-output>
</service>
