<?xml version="1.0" encoding="UTF-8" standalone="yes"?>
<service serviceGroup="" cachable="false" cacheduration="" description="" endpoint="default" groupType="" id="writeAuditEvents" passwordencrypted="false" security="authorized_app" type="jsonConnector" smscode="" smsenabled="false">
    <service-config>
        <config-param api-version="" appid="" name="preprocessorname" value=""/>
        <config-param api-version="" appid="" name="postprocessorname" value=""/>
        <config-param api-version="" appid="" name="preprocessorJS" value=""/>
        <config-param api-version="" appid="" name="postprocessorJS" value=""/>
        <config-param api-version="" appid="" name="kony_http_supported_methods" value="POST"/>
        <config-param api-version="" appid="" name="endpointUrl" value="https://apimobile-kony-uat.qualifacts.org/api/gateway/mobile/sync/write/auditevent"/>
        <config-param api-version="" appid="" name="ignorehttpproxy" value="true"/>
        <config-param api-version="" appid="" name="http.method" value="POST"/>
        <config-param api-version="" appid="" name="dataObjectName" value=""/>
        <config-param api-version="" appid="" name="sockettimeout" value="300000"/>
        <config-param api-version="" appid="" name="responseEncoding" value="UTF-8"/>
        <config-param api-version="" appid="" name="isembedxmlpresent" value="false"/>
        <config-param api-version="" appid="" name="retrycount" value="0"/>
    </service-config>
    <service-input passthrough="false">
        <header datatype="" name="" passthrough="false">
            <param datatype="string" defaultvalue="application/json" description="" encode="false" format="None" formatvalue="" name="Content-Type" order="" sms-name="" src="request" sourcevalue="" srcformatvalue="" target="" targetdatatype="" testvalue="" value="application/json">
                <accessType></accessType>
            </param>
            <param datatype="string" defaultvalue="" description="" encode="false" format="None" formatvalue="" name="Authorization" order="" sms-name="" src="request" sourcevalue="" srcformatvalue="" target="" targetdatatype="" testvalue="bearer 62d510ea-117a-4794-a125-d09834249390" value="">
                <accessType></accessType>
            </param>
        </header>
        <param datatype="string" defaultvalue="" description="" encode="false" format="None" formatvalue="" name="input" order="" passnull="false" sms-name="" src="request" sourcevalue="" srcformatvalue="" target="request" targetdatatype="java.lang.String" testvalue="{     &quot;deviceId&quot;: &quot;12349&quot;,     &quot;lastSync&quot;: &quot;&quot;,     &quot;syncId&quot;: &quot;5ab381cdd1f7aa00015c0cd7&quot;,     &quot;resources&quot;: [         {             &quot;eventDateTime&quot;: &quot;2018-01-15T10:30:45.982Z&quot;,             &quot;clientId&quot;: &quot;MULTIPLE&quot;,             &quot;staffId&quot;: 1,             &quot;actionType&quot;: &quot;VIEW&quot;,             &quot;acccessType&quot;: &quot;MOBILE&quot;,             &quot;organizationId&quot;: &quot;1000&quot;,             &quot;pageName&quot;: &quot;My Caseload&quot;,             &quot;operationId&quot;: 35443807,             &quot;longitude&quot;: &quot;40.689238&quot;,             &quot;latitude&quot;: &quot;-74.044636&quot;,             &quot;precision&quot;: &quot;5&quot;         },         {             &quot;eventDateTime&quot;: &quot;2018-01-15T10:30:45.982Z&quot;,             &quot;clientId&quot;: &quot;7648542&quot;,             &quot;staffId&quot;: 1,             &quot;actionType&quot;: &quot;ADDITION&quot;,             &quot;acccessType&quot;: &quot;MOBILE&quot;,             &quot;organizationId&quot;: &quot;1000&quot;,             &quot;pageName&quot;: &quot;ADD CLIENT APPOINTMENT&quot;,             &quot;operationId&quot;: 35443808,             &quot;longitude&quot;: &quot;40.689238&quot;,             &quot;latitude&quot;: &quot;-74.044636&quot;,             &quot;precision&quot;: &quot;5&quot;         }     ] }" value="">
            <accessType></accessType>
        </param>
        <template-param datatype="" defaultvalue="$input" description="" encode="false" format="" formatvalue="" name="message" order="" sms-name="" src="" sourcevalue="" srcformatvalue="" target="" targetdatatype="" value="$input">
            <accessType></accessType>
        </template-param>
        <stub-param value=""/>
    </service-input>
    <service-output passthrough="false">
        <param datatype="string" defaultvalue="" description="" encode="true" format="None" formatvalue="" name="syncId" order="" passnull="false" sms-name="" src="syncId" sourcevalue="" srcformatvalue="" target="response" targetdatatype="java.lang.String" testvalue="" value="">
            <accessType></accessType>
        </param>
    </service-output>
</service>
