<?xml version="1.0" encoding="UTF-8" standalone="yes"?>
<SyncObject Generated="false" SourceName="VITALS" GlobalName="VITALS">
    <SyncAttributes>
        <Key>
            <Attribute GlobalName="vitals_id"/>
        </Key>
        <SyncAttribute SourceName="lastModifiedDate" GlobalName="lastModifiedDate" Type="string" IsNullable="true" Autogenerated="false"/>
        <SyncAttribute SourceName="clientId" GlobalName="clientId" Type="string" IsNullable="true" Autogenerated="false"/>
        <SyncAttribute SourceName="vitals_id" GlobalName="vitals_id" Type="string" IsNullable="false" Autogenerated="false"/>
        <SyncAttribute SourceName="bpDiastolic" GlobalName="bpDiastolic" Type="string" IsNullable="true" Autogenerated="false"/>
        <SyncAttribute SourceName="pain" GlobalName="pain" Type="string" IsNullable="true" Autogenerated="false"/>
        <SyncAttribute SourceName="weight" GlobalName="weight" Type="string" IsNullable="true" Autogenerated="false"/>
        <SyncAttribute SourceName="unableToCollect" GlobalName="unableToCollect" Type="string" IsNullable="true" Autogenerated="false"/>
        <SyncAttribute SourceName="vitalDate" GlobalName="vitalDate" Type="string" IsNullable="true" Autogenerated="false"/>
        <SyncAttribute SourceName="respirationRate" GlobalName="respirationRate" Type="string" IsNullable="true" Autogenerated="false"/>
        <SyncAttribute SourceName="createdDate" GlobalName="createdDate" Type="string" IsNullable="true" Autogenerated="false"/>
        <SyncAttribute SourceName="createdBy" GlobalName="createdBy" Type="string" IsNullable="true" Autogenerated="false"/>
        <SyncAttribute SourceName="heartRate" GlobalName="heartRate" Type="string" IsNullable="true" Autogenerated="false"/>
        <SyncAttribute SourceName="temperature" GlobalName="temperature" Type="string" IsNullable="true" Autogenerated="false"/>
        <SyncAttribute SourceName="bpSystolic" GlobalName="bpSystolic" Type="string" IsNullable="true" Autogenerated="false"/>
        <SyncAttribute SourceName="documentId" GlobalName="documentId" Type="string" IsNullable="true" Autogenerated="false"/>
        <SyncAttribute SourceName="age" GlobalName="age" Type="string" IsNullable="true" Autogenerated="false"/>
        <SyncAttribute SourceName="height" GlobalName="height" Type="string" IsNullable="true" Autogenerated="false"/>
        <SyncAttribute SourceName="bmi" GlobalName="bmi" Type="string" IsNullable="true" Autogenerated="false"/>
        <SyncAttribute SourceName="heightWeight_id" GlobalName="heightWeight_id" Type="string" IsNullable="true" Autogenerated="false"/>
        <SyncAttribute SourceName="heightWeight_src" GlobalName="heightWeight_src" Type="string" IsNullable="true" Autogenerated="false"/>
        <SyncAttribute SourceName="changedBy" GlobalName="changedBy" Type="string" IsNullable="true" Autogenerated="false"/>
        <SyncAttribute SourceName="changedDate" GlobalName="changedDate" Type="string" IsNullable="true" Autogenerated="false"/>
        <SyncAttribute SourceName="unitType" GlobalName="unitType" Type="string" IsNullable="true" Autogenerated="false"/>
        <SyncAttribute SourceName="pulseOximetry" GlobalName="pulseOximetry" Type="string" IsNullable="true" Autogenerated="false"/>
        <SyncAttribute SourceName="inhaledOxygen" GlobalName="inhaledOxygen" Type="string" IsNullable="true" Autogenerated="false"/>
        <SyncAttribute SourceName="moduleType" GlobalName="moduleType" Type="string" IsNullable="true" Autogenerated="false"/>
        <SyncAttribute SourceName="timestamp" GlobalName="timestamp" Type="string" IsNullable="true" Autogenerated="false"/>
    </SyncAttributes>
    <Relationships/>
    <FilterParameters>
        <ClientFilterParameters/>
        <ServerFilterParameters/>
    </FilterParameters>
    <Operations>
        <Operation Name="Create" DataSource="CarelogicServices" ServiceID="None">
            <InputHeader/>
            <Input/>
            <Output/>
        </Operation>
        <Operation Name="Update" DataSource="CarelogicServices" ServiceID="None">
            <InputHeader/>
            <Input/>
            <Output/>
        </Operation>
        <Operation Name="Delete" DataSource="CarelogicServices" ServiceID="None">
            <InputHeader/>
            <Input/>
            <Output/>
        </Operation>
        <Operation Name="BulkCreate" DataSource="CarelogicServices" ServiceID="None">
            <InputHeader/>
            <Input/>
            <Output/>
        </Operation>
        <Operation Name="BulkUpdate" DataSource="CarelogicServices" ServiceID="None">
            <InputHeader/>
            <Input/>
            <Output/>
        </Operation>
        <Operation Name="BulkDelete" DataSource="CarelogicServices" ServiceID="None">
            <InputHeader/>
            <Input/>
            <Output/>
        </Operation>
        <Operation Name="BulkGet" DataSource="CarelogicServices" ServiceID="None">
            <InputHeader/>
            <Input/>
            <Output/>
        </Operation>
        <Operation Name="get" DataSource="CarelogicServices" ServiceID="None">
            <InputHeader/>
            <Input/>
            <Output/>
        </Operation>
        <Operation Name="getUpdated" DataSource="CarelogicServices" ServiceID="getAllVitals">
            <InputHeader>
                <Param Name="Authorization" SourceValue="Authorization" Source="CONTEXT"/>
                <Param Name="Content-Type" SourceValue="application/json" Source="CONSTANT"/>
            </InputHeader>
            <Input>
                <Param Name="lastSync" SourceValue="lastSync" Source="CONTEXT"/>
                <Param Name="deviceId" SourceValue="deviceId" Source="CONTEXT"/>
                <Param Name="syncId" SourceValue="syncId" Source="CONTEXT"/>
            </Input>
            <Output>
                <Param Name="vitals.bpDiastolic" SourceValue="bpDiastolic" Source="ATTRIBUTE"/>
                <Param Name="vitals.pain" SourceValue="pain" Source="ATTRIBUTE"/>
                <Param Name="vitals.clientId" SourceValue="clientId" Source="ATTRIBUTE"/>
                <Param Name="lastModifiedDate" SourceValue="lastModifiedDate" Source="ATTRIBUTE"/>
                <Param Name="vitals.weight" SourceValue="weight" Source="ATTRIBUTE"/>
                <Param Name="vitals.unableToCollect" SourceValue="unableToCollect" Source="ATTRIBUTE"/>
                <Param Name="vitals.vitalDate" SourceValue="vitalDate" Source="ATTRIBUTE"/>
                <Param Name="vitals.heightWeight_src" SourceValue="heightWeight_src" Source="ATTRIBUTE"/>
                <Param Name="vitals.respirationRate" SourceValue="respirationRate" Source="ATTRIBUTE"/>
                <Param Name="vitals.vitals_id" SourceValue="vitals_id" Source="ATTRIBUTE"/>
                <Param Name="vitals.heartRate" SourceValue="heartRate" Source="ATTRIBUTE"/>
                <Param Name="vitals.temperature" SourceValue="temperature" Source="ATTRIBUTE"/>
                <Param Name="vitals.bpSystolic" SourceValue="bpSystolic" Source="ATTRIBUTE"/>
                <Param Name="vitals.documentId" SourceValue="documentId" Source="ATTRIBUTE"/>
                <Param Name="vitals.age" SourceValue="age" Source="ATTRIBUTE"/>
                <Param Name="vitals.height" SourceValue="height" Source="ATTRIBUTE"/>
                <Param Name="vitals.bmi" SourceValue="bmi" Source="ATTRIBUTE"/>
                <Param Name="vitals.heightWeight_id" SourceValue="heightWeight_id" Source="ATTRIBUTE"/>
                <Param Name="vitals.unitType" SourceValue="unitType" Source="ATTRIBUTE"/>
                <Param Name="vitals.pulseOximetry" SourceValue="pulseOximetry" Source="ATTRIBUTE"/>
                <Param Name="vitals.inhaledOxygen" SourceValue="inhaledOxygen" Source="ATTRIBUTE"/>
                <Param Name="vitals.moduleType" SourceValue="moduleType" Source="ATTRIBUTE"/>
            </Output>
        </Operation>
        <Operation Name="getDeleted" DataSource="CarelogicServices" ServiceID="None">
            <InputHeader/>
            <Input/>
            <Output/>
        </Operation>
        <Operation Name="getBatch" DataSource="CarelogicServices" ServiceID="None">
            <InputHeader/>
            <Input/>
            <Output/>
        </Operation>
    </Operations>
</SyncObject>
