<?xml version="1.0" encoding="UTF-8" standalone="yes"?>
<SyncObject Generated="false" SourceName="CFACTIONS" GlobalName="CFACTIONS">
    <SyncAttributes>
        <Key>
            <Attribute GlobalName="action_id"/>
        </Key>
        <SyncAttribute SourceName="action" GlobalName="action" Type="string" IsNullable="true" Autogenerated="false"/>
        <SyncAttribute SourceName="action_fieldid" GlobalName="action_fieldid" Type="string" IsNullable="true" Autogenerated="false"/>
        <SyncAttribute SourceName="action_id" GlobalName="action_id" Type="int" IsNullable="false" Autogenerated="false"/>
        <SyncAttribute SourceName="action_order" GlobalName="action_order" Type="string" IsNullable="true" Autogenerated="false"/>
        <SyncAttribute SourceName="action_ruleid" GlobalName="action_ruleid" Type="string" IsNullable="true" Autogenerated="false"/>
        <SyncAttribute SourceName="form_lastModifiedDate" GlobalName="form_lastModifiedDate" Type="string" IsNullable="true" Autogenerated="false"/>
        <SyncAttribute SourceName="action_actionvalue" GlobalName="action_actionvalue" Type="string" IsNullable="true" Autogenerated="false"/>
    </SyncAttributes>
    <Relationships/>
    <FilterParameters>
        <ClientFilterParameters/>
        <ServerFilterParameters/>
    </FilterParameters>
    <Operations>
        <Operation Name="Create" DataSource="ConfigurableForm" ServiceID="None">
            <InputHeader/>
            <Input/>
            <Output/>
        </Operation>
        <Operation Name="Update" DataSource="ConfigurableForm" ServiceID="None">
            <InputHeader/>
            <Input/>
            <Output/>
        </Operation>
        <Operation Name="Delete" DataSource="ConfigurableForm" ServiceID="None">
            <InputHeader/>
            <Input/>
            <Output/>
        </Operation>
        <Operation Name="BulkCreate" DataSource="ConfigurableForm" ServiceID="None">
            <InputHeader/>
            <Input/>
            <Output/>
        </Operation>
        <Operation Name="BulkUpdate" DataSource="ConfigurableForm" ServiceID="None">
            <InputHeader/>
            <Input/>
            <Output/>
        </Operation>
        <Operation Name="BulkDelete" DataSource="ConfigurableForm" ServiceID="None">
            <InputHeader/>
            <Input/>
            <Output/>
        </Operation>
        <Operation Name="BulkGet" DataSource="ConfigurableForm" ServiceID="None">
            <InputHeader/>
            <Input/>
            <Output/>
        </Operation>
        <Operation Name="get" DataSource="ConfigurableForm" ServiceID="None">
            <InputHeader/>
            <Input/>
            <Output/>
        </Operation>
        <Operation Name="getUpdated" DataSource="ConfigurableForm" ServiceID="get">
            <InputHeader>
                <Param Name="Authorization" SourceValue="Authorization" Source="CONTEXT"/>
                <Param Name="Content-Type" SourceValue="application/json" Source="CONSTANT"/>
            </InputHeader>
            <Input>
                <Param Name="lastSync" SourceValue="lastSync" Source="CONTEXT"/>
                <Param Name="deviceId" SourceValue="deviceId" Source="CONTEXT"/>
                <Param Name="syncId" SourceValue="syncId" Source="CONTEXT"/>
            </Input>
            <Output>
                <Param Name="form_lastModifiedDate" SourceValue="form_lastModifiedDate" Source="ATTRIBUTE"/>
                <Param Name="actions.action_order" SourceValue="action_order" Source="ATTRIBUTE"/>
                <Param Name="actions.action_ruleid" SourceValue="action_ruleid" Source="ATTRIBUTE"/>
                <Param Name="actions.action_id" SourceValue="action_id" Source="ATTRIBUTE"/>
                <Param Name="actions.action_fieldid" SourceValue="action_fieldid" Source="ATTRIBUTE"/>
                <Param Name="actions.action" SourceValue="action" Source="ATTRIBUTE"/>
                <Param Name="actions.action_actionvalue" SourceValue="action_actionvalue" Source="ATTRIBUTE"/>
            </Output>
        </Operation>
        <Operation Name="getDeleted" DataSource="ConfigurableForm" ServiceID="None">
            <InputHeader/>
            <Input/>
            <Output/>
        </Operation>
        <Operation Name="getBatch" DataSource="ConfigurableForm" ServiceID="None">
            <InputHeader/>
            <Input/>
            <Output/>
        </Operation>
    </Operations>
</SyncObject>
