<?xml version="1.0" encoding="UTF-8" standalone="yes"?>
<SyncObject Generated="false" SourceName="CFCONDITIONS" GlobalName="CFCONDITIONS">
    <SyncAttributes>
        <Key>
            <Attribute GlobalName="condition_id"/>
        </Key>
        <SyncAttribute SourceName="condition_comparison" GlobalName="condition_comparison" Type="string" IsNullable="true" Autogenerated="false"/>
        <SyncAttribute SourceName="condition_comparisonValue" GlobalName="condition_comparisonValue" Type="string" IsNullable="true" Autogenerated="false"/>
        <SyncAttribute SourceName="condition_fieldid" GlobalName="condition_fieldid" Type="string" IsNullable="true" Autogenerated="false"/>
        <SyncAttribute SourceName="condition_id" GlobalName="condition_id" Type="string" IsNullable="false" Autogenerated="false"/>
        <SyncAttribute SourceName="condition_ruleid" GlobalName="condition_ruleid" Type="string" IsNullable="true" Autogenerated="false"/>
        <SyncAttribute SourceName="form_lastModifiedDate" GlobalName="form_lastModifiedDate" Type="string" IsNullable="true" Autogenerated="false"/>
    </SyncAttributes>
    <Relationships/>
    <FilterParameters>
        <ClientFilterParameters/>
        <ServerFilterParameters/>
    </FilterParameters>
    <Operations>
        <Operation Name="Create" DataSource="ConfigurableForm" ServiceID="None">
            <InputHeader/>
            <Input/>
            <Output/>
        </Operation>
        <Operation Name="Update" DataSource="ConfigurableForm" ServiceID="None">
            <InputHeader/>
            <Input/>
            <Output/>
        </Operation>
        <Operation Name="Delete" DataSource="ConfigurableForm" ServiceID="None">
            <InputHeader/>
            <Input/>
            <Output/>
        </Operation>
        <Operation Name="BulkCreate" DataSource="ConfigurableForm" ServiceID="None">
            <InputHeader/>
            <Input/>
            <Output/>
        </Operation>
        <Operation Name="BulkUpdate" DataSource="ConfigurableForm" ServiceID="None">
            <InputHeader/>
            <Input/>
            <Output/>
        </Operation>
        <Operation Name="BulkDelete" DataSource="ConfigurableForm" ServiceID="None">
            <InputHeader/>
            <Input/>
            <Output/>
        </Operation>
        <Operation Name="BulkGet" DataSource="ConfigurableForm" ServiceID="None">
            <InputHeader/>
            <Input/>
            <Output/>
        </Operation>
        <Operation Name="get" DataSource="ConfigurableForm" ServiceID="None">
            <InputHeader/>
            <Input/>
            <Output/>
        </Operation>
        <Operation Name="getUpdated" DataSource="ConfigurableForm" ServiceID="get">
            <InputHeader>
                <Param Name="Authorization" SourceValue="Authorization" Source="CONTEXT"/>
                <Param Name="Content-Type" SourceValue="application/json" Source="CONSTANT"/>
            </InputHeader>
            <Input>
                <Param Name="lastSync" SourceValue="lastSync" Source="CONTEXT"/>
                <Param Name="deviceId" SourceValue="deviceId" Source="CONTEXT"/>
                <Param Name="syncId" SourceValue="syncId" Source="CONTEXT"/>
            </Input>
            <Output>
                <Param Name="form_lastModifiedDate" SourceValue="form_lastModifiedDate" Source="ATTRIBUTE"/>
                <Param Name="conditions.condition_ruleid" SourceValue="condition_ruleid" Source="ATTRIBUTE"/>
                <Param Name="conditions.condition_comparison" SourceValue="condition_comparison" Source="ATTRIBUTE"/>
                <Param Name="conditions.condition_comparisonValue" SourceValue="condition_comparisonValue" Source="ATTRIBUTE"/>
                <Param Name="conditions.condition_id" SourceValue="condition_id" Source="ATTRIBUTE"/>
                <Param Name="conditions.condition_fieldid" SourceValue="condition_fieldid" Source="ATTRIBUTE"/>
            </Output>
        </Operation>
        <Operation Name="getDeleted" DataSource="ConfigurableForm" ServiceID="None">
            <InputHeader/>
            <Input/>
            <Output/>
        </Operation>
        <Operation Name="getBatch" DataSource="ConfigurableForm" ServiceID="None">
            <InputHeader/>
            <Input/>
            <Output/>
        </Operation>
    </Operations>
</SyncObject>
