<?xml version="1.0" encoding="UTF-8" standalone="yes"?>
<SyncObject Generated="false" SourceName="CONFIGURATIONS" GlobalName="CONFIGURATIONS">
    <SyncAttributes>
        <Key>
            <Attribute GlobalName="configId"/>
        </Key>
        <SyncAttribute SourceName="configId" GlobalName="configId" Type="string" IsNullable="false" Autogenerated="false"/>
        <SyncAttribute SourceName="name" GlobalName="name" Type="string" IsNullable="true" Autogenerated="false"/>
        <SyncAttribute SourceName="serviceDocModuleId" GlobalName="serviceDocModuleId" Type="string" IsNullable="true" Autogenerated="false"/>
        <SyncAttribute SourceName="value" GlobalName="value" Type="string" IsNullable="true" Autogenerated="false"/>
        <SyncAttribute SourceName="valueType" GlobalName="valueType" Type="string" IsNullable="true" Autogenerated="false"/>
        <SyncAttribute SourceName="timestamp" GlobalName="timestamp" Type="string" IsNullable="true" Autogenerated="false"/>
    </SyncAttributes>
    <Relationships/>
    <FilterParameters>
        <ClientFilterParameters/>
        <ServerFilterParameters/>
    </FilterParameters>
    <Operations>
        <Operation Name="Create" DataSource="CarelogicServices" ServiceID="None">
            <InputHeader/>
            <Input/>
            <Output/>
        </Operation>
        <Operation Name="Update" DataSource="CarelogicServices" ServiceID="None">
            <InputHeader/>
            <Input/>
            <Output/>
        </Operation>
        <Operation Name="Delete" DataSource="CarelogicServices" ServiceID="None">
            <InputHeader/>
            <Input/>
            <Output/>
        </Operation>
        <Operation Name="BulkCreate" DataSource="CarelogicServices" ServiceID="None">
            <InputHeader/>
            <Input/>
            <Output/>
        </Operation>
        <Operation Name="BulkUpdate" DataSource="CarelogicServices" ServiceID="None">
            <InputHeader/>
            <Input/>
            <Output/>
        </Operation>
        <Operation Name="BulkDelete" DataSource="CarelogicServices" ServiceID="None">
            <InputHeader/>
            <Input/>
            <Output/>
        </Operation>
        <Operation Name="BulkGet" DataSource="CarelogicServices" ServiceID="None">
            <InputHeader/>
            <Input/>
            <Output/>
        </Operation>
        <Operation Name="get" DataSource="CarelogicServices" ServiceID="None">
            <InputHeader/>
            <Input/>
            <Output/>
        </Operation>
        <Operation Name="getUpdated" DataSource="CarelogicServices" ServiceID="getServicedocuments">
            <InputHeader>
                <Param Name="Authorization" SourceValue="Authorization" Source="CONTEXT"/>
                <Param Name="Content-Type" SourceValue="application/json" Source="CONSTANT"/>
            </InputHeader>
            <Input>
                <Param Name="lastSync" SourceValue="lastSync" Source="CONTEXT"/>
                <Param Name="deviceId" SourceValue="deviceId" Source="CONTEXT"/>
                <Param Name="syncId" SourceValue="syncId" Source="CONTEXT"/>
            </Input>
            <Output>
                <Param Name="configurations.configId" SourceValue="configId" Source="ATTRIBUTE"/>
                <Param Name="configurations.name" SourceValue="name" Source="ATTRIBUTE"/>
                <Param Name="configurations.serviceDocModuleId" SourceValue="serviceDocModuleId" Source="ATTRIBUTE"/>
                <Param Name="configurations.value" SourceValue="value" Source="ATTRIBUTE"/>
                <Param Name="configurations.valueType" SourceValue="valueType" Source="ATTRIBUTE"/>
            </Output>
        </Operation>
        <Operation Name="getDeleted" DataSource="CarelogicServices" ServiceID="None">
            <InputHeader/>
            <Input/>
            <Output/>
        </Operation>
        <Operation Name="getBatch" DataSource="CarelogicServices" ServiceID="None">
            <InputHeader/>
            <Input/>
            <Output/>
        </Operation>
    </Operations>
</SyncObject>
