{
  "subType" : "customapp",
  "description" : "Qualifacts",
  "version" : "1.0",
  "intSvcs" : [ {
    "name" : "CarelogicAmazonS3",
    "version" : "1.0"
  }, {
    "name" : "CarelogicServices",
    "version" : "1.0"
  }, {
    "name" : "ConfigurableForm",
    "version" : "1.0"
  }, {
    "name" : "Login",
    "version" : "1.0"
  }, {
    "name" : "MockServices",
    "version" : "1.0"
  }, {
    "name" : "PDFList",
    "version" : "1.0"
  }, {
    "name" : "PDFListMock",
    "version" : "1.0"
  }, {
    "name" : "SyncServices",
    "version" : "1.0"
  }, {
    "name" : "WriteServices",
    "version" : "1.0"
  } ],
  "orchSvcs" : [ {
    "name" : "LoginNUser",
    "version" : "1.0"
  } ],
  "identity" : [ "userstore" ]
}