<?xml version="1.0" encoding="UTF-8" standalone="yes"?>
<service serviceGroup="" cachable="false" cacheduration="" description="" endpoint="default" groupType="" id="getProductReviews" passwordencrypted="false" security="authorized_app_user" type="jsonConnector" smscode="" smsenabled="false">
    <service-config>
        <config-param api-version="" appid="" name="preprocessorname" value=""/>
        <config-param api-version="" appid="" name="postprocessorname" value=""/>
        <config-param api-version="" appid="" name="preprocessorJS" value=""/>
        <config-param api-version="" appid="" name="postprocessorJS" value=""/>
        <config-param api-version="" appid="" name="kony_http_supported_methods" value="POST"/>
        <config-param api-version="" appid="" name="endpointUrl" value="https://apimobile-kony-uat.qualifacts2.org/v1/reviews(sku=$sku)?apiKey=$apiKey&amp;format=json"/>
        <config-param api-version="" appid="" name="ignorehttpproxy" value="true"/>
        <config-param api-version="" appid="" name="http.method" value="GET"/>
        <config-param api-version="" appid="" name="dataObjectName" value=""/>
        <config-param api-version="" appid="" name="sockettimeout" value=""/>
        <config-param api-version="" appid="" name="responseEncoding" value="UTF-8"/>
        <config-param api-version="" appid="" name="isembedxmlpresent" value="false"/>
        <config-param api-version="" appid="" name="retrycount" value="0"/>
    </service-config>
    <service-input passthrough="false">
        <header datatype="" name="" passthrough="false"/>
        <param datatype="string" defaultvalue="" description="" encode="true" format="None" formatvalue="" name="sku" order="" passnull="false" sms-name="" src="request" sourcevalue="" srcformatvalue="" target="request" targetdatatype="java.lang.String" testvalue="1000671" value="">
            <accessType></accessType>
        </param>
        <param datatype="string" defaultvalue="NT99lKHnrCivsFH7VyaCpH0f" description="" encode="true" format="None" formatvalue="" name="apiKey" order="" passnull="false" sms-name="" src="request" sourcevalue="" srcformatvalue="" target="request" targetdatatype="java.lang.String" testvalue="" value="NT99lKHnrCivsFH7VyaCpH0f">
            <accessType></accessType>
        </param>
        <stub-param value=""/>
    </service-input>
    <service-output passthrough="false">
        <dataset id="reviews" order="" src="//reviews">
            <dataset id="reviewer" order="" src="//reviewer">
                <param datatype="string" defaultvalue="" description="" encode="true" format="None" formatvalue="" name="name" order="" passnull="false" sms-name="" src="name" sourcevalue="" srcformatvalue="" target="response" targetdatatype="java.lang.String" testvalue="" value="">
                    <accessType></accessType>
                </param>
            </dataset>
            <param datatype="string" defaultvalue="" description="" encode="true" format="None" formatvalue="" name="submissionTime" order="" passnull="false" sms-name="" src="submissionTime" sourcevalue="" srcformatvalue="" target="response" targetdatatype="java.lang.String" testvalue="" value="">
                <accessType></accessType>
            </param>
            <param datatype="string" defaultvalue="" description="" encode="true" format="None" formatvalue="" name="id" order="" passnull="false" sms-name="" src="id" sourcevalue="" srcformatvalue="" target="response" targetdatatype="java.lang.String" testvalue="" value="">
                <accessType></accessType>
            </param>
            <param datatype="string" defaultvalue="" description="" encode="true" format="None" formatvalue="" name="rating" order="" passnull="false" sms-name="" src="rating" sourcevalue="" srcformatvalue="" target="response" targetdatatype="java.lang.String" testvalue="" value="">
                <accessType></accessType>
            </param>
            <param datatype="string" defaultvalue="" description="" encode="true" format="None" formatvalue="" name="title" order="" passnull="false" sms-name="" src="title" sourcevalue="" srcformatvalue="" target="response" targetdatatype="java.lang.String" testvalue="" value="">
                <accessType></accessType>
            </param>
            <param datatype="string" defaultvalue="" description="" encode="true" format="None" formatvalue="" name="comment" order="" passnull="false" sms-name="" src="comment" sourcevalue="" srcformatvalue="" target="response" targetdatatype="java.lang.String" testvalue="" value="">
                <accessType></accessType>
            </param>
        </dataset>
    </service-output>
</service>
