<?xml version="1.0" encoding="UTF-8" standalone="yes"?>
<service serviceGroup="" cachable="false" cacheduration="" description="" endpoint="default" groupType="" id="getStaffSignatures" passwordencrypted="false" security="authorized_app" type="jsonConnector" smscode="" smsenabled="false">
    <service-config>
        <config-param api-version="" appid="" name="preprocessorname" value=""/>
        <config-param api-version="" appid="" name="postprocessorname" value=""/>
        <config-param api-version="" appid="" name="preprocessorJS" value=""/>
        <config-param api-version="" appid="" name="postprocessorJS" value=""/>
        <config-param api-version="" appid="" name="kony_http_supported_methods" value="POST"/>
        <config-param api-version="" appid="" name="endpointUrl" value="https://apimobile-qareg.qualifacts.org/api/gateway/mobile/sync/read/staffsignature"/>
        <config-param api-version="" appid="" name="ignorehttpproxy" value="true"/>
        <config-param api-version="" appid="" name="http.method" value="POST"/>
        <config-param api-version="" appid="" name="dataObjectName" value=""/>
        <config-param api-version="" appid="" name="sockettimeout" value="300000"/>
        <config-param api-version="" appid="" name="responseEncoding" value="UTF-8"/>
        <config-param api-version="" appid="" name="isembedxmlpresent" value="false"/>
        <config-param api-version="" appid="" name="retrycount" value="0"/>
    </service-config>
    <service-input passthrough="false">
        <header datatype="" name="" passthrough="false">
            <param datatype="string" defaultvalue="" description="" encode="false" format="None" formatvalue="" name="Authorization" order="" sms-name="" src="request" sourcevalue="" srcformatvalue="" target="" targetdatatype="" testvalue="bearer 9ce46260-0e74-4e33-b09b-63adf738718a" value="">
                <accessType></accessType>
            </param>
            <param datatype="string" defaultvalue="application/json" description="" encode="false" format="None" formatvalue="" name="Content-Type" order="" sms-name="" src="request" sourcevalue="" srcformatvalue="" target="" targetdatatype="" testvalue="" value="application/json">
                <accessType></accessType>
            </param>
        </header>
        <param datatype="string" defaultvalue="" description="" encode="true" format="None" formatvalue="" name="deviceId" order="" passnull="false" sms-name="" src="request" sourcevalue="" srcformatvalue="" target="request" targetdatatype="java.lang.String" testvalue="990000862471860" value="">
            <accessType></accessType>
        </param>
        <param datatype="string" defaultvalue="" description="" encode="true" format="None" formatvalue="" name="syncId" order="" passnull="false" sms-name="" src="request" sourcevalue="" srcformatvalue="" target="request" targetdatatype="java.lang.String" testvalue="5a9f95e56f7c870001cf2169" value="">
            <accessType></accessType>
        </param>
        <param datatype="string" defaultvalue="" description="" encode="false" format="None" formatvalue="" name="lastSync" order="" passnull="false" sms-name="" src="request" sourcevalue="" srcformatvalue="" target="request" targetdatatype="java.lang.String" testvalue="2017-01-05T20:05:39.929Z" value="">
            <accessType></accessType>
        </param>
        <template-param datatype="" defaultvalue="{&#xA;    &quot;deviceId&quot;: &quot;$deviceId&quot;,&#xA;    &quot;lastSync&quot;: &quot;$lastSync&quot;,&#xA;    &quot;syncId&quot;: &quot;$syncId&quot;&#xA;}" description="" encode="false" format="" formatvalue="" name="message" order="" sms-name="" src="" sourcevalue="" srcformatvalue="" target="" targetdatatype="" value="{&#xA;    &quot;deviceId&quot;: &quot;$deviceId&quot;,&#xA;    &quot;lastSync&quot;: &quot;$lastSync&quot;,&#xA;    &quot;syncId&quot;: &quot;$syncId&quot;&#xA;}">
            <accessType></accessType>
        </template-param>
        <stub-param value=""/>
    </service-input>
    <service-output passthrough="false">
        <dataset id="StaffDetails" order="" src="/resources">
            <param datatype="string" defaultvalue="" description="" encode="true" format="None" formatvalue="" name="electronicSignature" order="" passnull="false" sms-name="" src="electronicSignature" sourcevalue="" srcformatvalue="" target="response" targetdatatype="java.lang.String" testvalue="" value="">
                <accessType></accessType>
            </param>
            <param datatype="string" defaultvalue="" description="" encode="true" format="None" formatvalue="" name="primaryOrganizationId" order="" passnull="false" sms-name="" src="primaryOrganizationId" sourcevalue="" srcformatvalue="" target="response" targetdatatype="java.lang.String" testvalue="" value="">
                <accessType></accessType>
            </param>
            <param datatype="string" defaultvalue="" description="" encode="true" format="None" formatvalue="" name="isMultiBookSchedule" order="" passnull="false" sms-name="" src="isMultiBookSchedule" sourcevalue="" srcformatvalue="" target="response" targetdatatype="java.lang.String" testvalue="" value="">
                <accessType></accessType>
            </param>
            <param datatype="string" defaultvalue="" description="" encode="true" format="None" formatvalue="" name="requireElectronicServDoc" order="" passnull="false" sms-name="" src="requireElectronicServDoc" sourcevalue="" srcformatvalue="" target="response" targetdatatype="java.lang.String" testvalue="" value="">
                <accessType></accessType>
            </param>
            <param datatype="string" defaultvalue="" description="" encode="true" format="None" formatvalue="" name="staffId" order="" passnull="false" sms-name="" src="staffId" sourcevalue="" srcformatvalue="" target="response" targetdatatype="java.lang.String" testvalue="" value="">
                <accessType></accessType>
            </param>
            <param datatype="string" defaultvalue="" description="" encode="true" format="None" formatvalue="" name="startDate" order="" passnull="false" sms-name="" src="startDate" sourcevalue="" srcformatvalue="" target="response" targetdatatype="java.lang.String" testvalue="" value="">
                <accessType></accessType>
            </param>
            <param datatype="string" defaultvalue="" description="" encode="true" format="None" formatvalue="" name="terminationDate" order="" passnull="false" sms-name="" src="terminationDate" sourcevalue="" srcformatvalue="" target="response" targetdatatype="java.lang.String" testvalue="" value="">
                <accessType></accessType>
            </param>
            <param datatype="collection" defaultvalue="" description="" encode="true" format="None" formatvalue="" name="supervisoryIds" order="" passnull="false" sms-name="" src="supervisoryIds" sourcevalue="" srcformatvalue="" target="response" targetdatatype="java.lang.String" testvalue="" value="">
                <accessType></accessType>
            </param>
            <param datatype="collection" defaultvalue="" description="" encode="true" format="None" formatvalue="" name="supervisoryGroupIds" order="" passnull="false" sms-name="" src="supervisoryGroupIds" sourcevalue="" srcformatvalue="" target="response" targetdatatype="java.lang.String" testvalue="" value="">
                <accessType></accessType>
            </param>
        </dataset>
    </service-output>
</service>
