<?xml version="1.0" encoding="UTF-8" standalone="yes"?>
<SyncObject Generated="false" SourceName="DOCUMENTCROSSWALK" GlobalName="DOCUMENTCROSSWALK">
    <SyncAttributes>
        <Key>
            <Attribute GlobalName="id"/>
        </Key>
        <SyncAttribute SourceName="activityId" GlobalName="activityId" Type="string" IsNullable="true" Autogenerated="false"/>
        <SyncAttribute SourceName="beginDate" GlobalName="beginDate" Type="string" IsNullable="true" Autogenerated="false"/>
        <SyncAttribute SourceName="endDate" GlobalName="endDate" Type="string" IsNullable="true" Autogenerated="false"/>
        <SyncAttribute SourceName="maxAgeRange" GlobalName="maxAgeRange" Type="string" IsNullable="true" Autogenerated="false"/>
        <SyncAttribute SourceName="minAgeRange" GlobalName="minAgeRange" Type="string" IsNullable="true" Autogenerated="false"/>
        <SyncAttribute SourceName="organizationId" GlobalName="organizationId" Type="string" IsNullable="true" Autogenerated="false"/>
        <SyncAttribute SourceName="programId" GlobalName="programId" Type="string" IsNullable="true" Autogenerated="false"/>
        <SyncAttribute SourceName="serviceDocumentId" GlobalName="serviceDocumentId" Type="string" IsNullable="true" Autogenerated="false"/>
        <SyncAttribute SourceName="code" GlobalName="code" Type="string" IsNullable="true" Autogenerated="false"/>
        <SyncAttribute SourceName="id" GlobalName="id" Type="string" IsNullable="true" Autogenerated="false"/>
    </SyncAttributes>
    <Relationships/>
    <FilterParameters>
        <ClientFilterParameters/>
        <ServerFilterParameters/>
    </FilterParameters>
    <Operations>
        <Operation Name="Create" DataSource="CarelogicServices" ServiceID="None">
            <InputHeader/>
            <Input/>
            <Output/>
        </Operation>
        <Operation Name="Update" DataSource="CarelogicServices" ServiceID="None">
            <InputHeader/>
            <Input/>
            <Output/>
        </Operation>
        <Operation Name="Delete" DataSource="CarelogicServices" ServiceID="None">
            <InputHeader/>
            <Input/>
            <Output/>
        </Operation>
        <Operation Name="BulkCreate" DataSource="CarelogicServices" ServiceID="None">
            <InputHeader/>
            <Input/>
            <Output/>
        </Operation>
        <Operation Name="BulkUpdate" DataSource="CarelogicServices" ServiceID="None">
            <InputHeader/>
            <Input/>
            <Output/>
        </Operation>
        <Operation Name="BulkDelete" DataSource="CarelogicServices" ServiceID="None">
            <InputHeader/>
            <Input/>
            <Output/>
        </Operation>
        <Operation Name="BulkGet" DataSource="CarelogicServices" ServiceID="None">
            <InputHeader/>
            <Input/>
            <Output/>
        </Operation>
        <Operation Name="get" DataSource="CarelogicServices" ServiceID="None">
            <InputHeader/>
            <Input/>
            <Output/>
        </Operation>
        <Operation Name="getUpdated" DataSource="CarelogicServices" ServiceID="documentCrosswalk">
            <InputHeader>
                <Param Name="Authorization" SourceValue="Authorization" Source="CONTEXT"/>
                <Param Name="Content-Type" SourceValue="application/json" Source="CONSTANT"/>
            </InputHeader>
            <Input>
                <Param Name="lastSync" SourceValue="lastSync" Source="CONTEXT"/>
                <Param Name="deviceId" SourceValue="deviceId" Source="CONTEXT"/>
                <Param Name="syncId" SourceValue="syncId" Source="CONTEXT"/>
            </Input>
            <Output>
                <Param Name="activityDocumentMap.organizationId" SourceValue="organizationId" Source="ATTRIBUTE"/>
                <Param Name="activityDocumentMap.minAgeRange" SourceValue="minAgeRange" Source="ATTRIBUTE"/>
                <Param Name="activityDocumentMap.activityId" SourceValue="activityId" Source="ATTRIBUTE"/>
                <Param Name="activityDocumentMap.beginDate" SourceValue="beginDate" Source="ATTRIBUTE"/>
                <Param Name="activityDocumentMap.maxAgeRange" SourceValue="maxAgeRange" Source="ATTRIBUTE"/>
                <Param Name="activityDocumentMap.endDate" SourceValue="endDate" Source="ATTRIBUTE"/>
                <Param Name="activityDocumentMap.programId" SourceValue="programId" Source="ATTRIBUTE"/>
                <Param Name="activityDocumentMap.serviceDocumentId" SourceValue="serviceDocumentId" Source="ATTRIBUTE"/>
                <Param Name="activityDocumentMap.code" SourceValue="code" Source="ATTRIBUTE"/>
                <Param Name="activityDocumentMap.id" SourceValue="id" Source="ATTRIBUTE"/>
            </Output>
        </Operation>
        <Operation Name="getDeleted" DataSource="CarelogicServices" ServiceID="None">
            <InputHeader/>
            <Input/>
            <Output/>
        </Operation>
        <Operation Name="getBatch" DataSource="CarelogicServices" ServiceID="None">
            <InputHeader/>
            <Input/>
            <Output/>
        </Operation>
    </Operations>
</SyncObject>
