{
  "strategy" : "OTASync",
  "nameSpace" : null,
  "dataSource" : "CarelogicServices",
  "changeTrackingPolicyType" : "datasource",
  "softDeleteFlag" : false,
  "lastUpdateTimeStamp" : false,
  "conflictPolicyType" : "serverwins",
  "syncJar" : null,
  "className" : null,
  "operations" : {
    "Operation" : [ {
      "InputHeader" : {
        "Param" : [ ],
        "AutoAttributeMapping" : null
      },
      "Input" : {
        "paramOrDataset" : [ ],
        "Relationship" : null,
        "AutoAttributeMapping" : null
      },
      "Output" : {
        "paramOrDataset" : [ ],
        "Relationship" : null,
        "AutoAttributeMapping" : null
      },
      "SupportedObjects" : null,
      "Name" : "login",
      "DataSource" : "CarelogicServices",
      "ServiceID" : "None"
    }, {
      "InputHeader" : {
        "Param" : [ ],
        "AutoAttributeMapping" : null
      },
      "Input" : {
        "paramOrDataset" : [ ],
        "Relationship" : null,
        "AutoAttributeMapping" : null
      },
      "Output" : {
        "paramOrDataset" : [ ],
        "Relationship" : null,
        "AutoAttributeMapping" : null
      },
      "SupportedObjects" : null,
      "Name" : "logout",
      "DataSource" : "CarelogicServices",
      "ServiceID" : "None"
    }, {
      "InputHeader" : {
        "Param" : [ ],
        "AutoAttributeMapping" : null
      },
      "Input" : {
        "paramOrDataset" : [ ],
        "Relationship" : null,
        "AutoAttributeMapping" : null
      },
      "Output" : {
        "paramOrDataset" : [ ],
        "Relationship" : null,
        "AutoAttributeMapping" : null
      },
      "SupportedObjects" : null,
      "Name" : "getServerTime",
      "DataSource" : "CarelogicServices",
      "ServiceID" : "None"
    } ]
  },
  "identityProviders" : [ ],
  "dataSourceType" : "integration"
}