<?xml version="1.0" encoding="UTF-8" standalone="yes"?>
<SyncObject Generated="false" SourceName="REFERRALSOURCE" GlobalName="REFERRALSOURCE">
    <SyncAttributes>
        <Key>
            <Attribute GlobalName="REFERRAL_SOURCE_ID"/>
            <Attribute GlobalName="ORGANIZATION_ID"/>
        </Key>
        <SyncAttribute SourceName="REFERRAL_SOURCE_ID" GlobalName="REFERRAL_SOURCE_ID" Type="string" IsNullable="false" Autogenerated="false"/>
        <SyncAttribute SourceName="BEGIN_DATE" GlobalName="BEGIN_DATE" Type="string" IsNullable="true" Autogenerated="false"/>
        <SyncAttribute SourceName="END_DATE" GlobalName="END_DATE" Type="string" IsNullable="true" Autogenerated="false"/>
        <SyncAttribute SourceName="REFERRAL_TYPE_DSC_ID" GlobalName="REFERRAL_TYPE_DSC_ID" Type="string" IsNullable="true" Autogenerated="false"/>
        <SyncAttribute SourceName="REFERRAL_SOURCE_SUB_TYPE_DSC_ID" GlobalName="REFERRAL_SOURCE_SUB_TYPE_DSC_ID" Type="string" IsNullable="true" Autogenerated="false"/>
        <SyncAttribute SourceName="ORGANIZATION_ID" GlobalName="ORGANIZATION_ID" Type="string" IsNullable="true" Autogenerated="false"/>
        <SyncAttribute SourceName="NAME" GlobalName="NAME" Type="string" IsNullable="true" Autogenerated="false"/>
        <SyncAttribute SourceName="REFERRAL_CODE" GlobalName="REFERRAL_CODE" Type="string" IsNullable="true" Autogenerated="false"/>
    </SyncAttributes>
    <Relationships/>
    <FilterParameters>
        <ClientFilterParameters/>
        <ServerFilterParameters/>
    </FilterParameters>
    <Operations>
        <Operation Name="Create" DataSource="CarelogicServices" ServiceID="None">
            <InputHeader/>
            <Input/>
            <Output/>
        </Operation>
        <Operation Name="Update" DataSource="CarelogicServices" ServiceID="None">
            <InputHeader/>
            <Input/>
            <Output/>
        </Operation>
        <Operation Name="Delete" DataSource="CarelogicServices" ServiceID="None">
            <InputHeader/>
            <Input/>
            <Output/>
        </Operation>
        <Operation Name="BulkCreate" DataSource="CarelogicServices" ServiceID="None">
            <InputHeader/>
            <Input/>
            <Output/>
        </Operation>
        <Operation Name="BulkUpdate" DataSource="CarelogicServices" ServiceID="None">
            <InputHeader/>
            <Input/>
            <Output/>
        </Operation>
        <Operation Name="BulkDelete" DataSource="CarelogicServices" ServiceID="None">
            <InputHeader/>
            <Input/>
            <Output/>
        </Operation>
        <Operation Name="BulkGet" DataSource="CarelogicServices" ServiceID="None">
            <InputHeader/>
            <Input/>
            <Output/>
        </Operation>
        <Operation Name="get" DataSource="CarelogicServices" ServiceID="None">
            <InputHeader/>
            <Input/>
            <Output/>
        </Operation>
        <Operation Name="getUpdated" DataSource="CarelogicServices" ServiceID="getReferalSource">
            <InputHeader>
                <Param Name="Authorization" SourceValue="Authorization" Source="CONTEXT"/>
                <Param Name="Content-Type" SourceValue="application/json" Source="CONSTANT"/>
            </InputHeader>
            <Input>
                <Param Name="lastSync" SourceValue="lastSync" Source="CONTEXT"/>
                <Param Name="deviceId" SourceValue="deviceId" Source="CONTEXT"/>
                <Param Name="syncId" SourceValue="syncId" Source="CONTEXT"/>
            </Input>
            <Output>
                <Param Name="REFERRALSOURCE.BEGIN_DATE" SourceValue="BEGIN_DATE" Source="ATTRIBUTE"/>
                <Param Name="REFERRALSOURCE.REFERRAL_CODE" SourceValue="REFERRAL_CODE" Source="ATTRIBUTE"/>
                <Param Name="REFERRALSOURCE.REFERRAL_SOURCE_ID" SourceValue="REFERRAL_SOURCE_ID" Source="ATTRIBUTE"/>
                <Param Name="REFERRALSOURCE.END_DATE" SourceValue="END_DATE" Source="ATTRIBUTE"/>
                <Param Name="REFERRALSOURCE.REFERRAL_TYPE_DSC_ID" SourceValue="REFERRAL_TYPE_DSC_ID" Source="ATTRIBUTE"/>
                <Param Name="REFERRALSOURCE.NAME" SourceValue="NAME" Source="ATTRIBUTE"/>
                <Param Name="REFERRALSOURCE.ORGANIZATION_ID" SourceValue="ORGANIZATION_ID" Source="ATTRIBUTE"/>
                <Param Name="REFERRALSOURCE.REF_SOURCE_SUB_TYPE_DSC_ID" SourceValue="REFERRAL_SOURCE_SUB_TYPE_DSC_ID" Source="ATTRIBUTE"/>
            </Output>
        </Operation>
        <Operation Name="getDeleted" DataSource="CarelogicServices" ServiceID="None">
            <InputHeader/>
            <Input/>
            <Output/>
        </Operation>
        <Operation Name="getBatch" DataSource="CarelogicServices" ServiceID="None">
            <InputHeader/>
            <Input/>
            <Output/>
        </Operation>
    </Operations>
</SyncObject>
