<?xml version="1.0" encoding="UTF-8" standalone="yes"?>
<SyncObject Generated="false" SourceName="APPOINTMENT" GlobalName="APPOINTMENT">
    <SyncAttributes>
        <Key>
            <Attribute GlobalName="appointmentId"/>
        </Key>
        <SyncAttribute SourceName="activityId" GlobalName="activityId" Type="string" IsNullable="true" Autogenerated="false"/>
        <SyncAttribute SourceName="appointmentId" GlobalName="appointmentId" Type="string" IsNullable="true" Autogenerated="false"/>
        <SyncAttribute SourceName="appointmentType" GlobalName="appointmentType" Type="string" IsNullable="true" Autogenerated="false"/>
        <SyncAttribute SourceName="clientId" GlobalName="clientId" Type="string" IsNullable="true" Autogenerated="false"/>
        <SyncAttribute SourceName="duration" GlobalName="duration" Type="string" IsNullable="true" Autogenerated="false"/>
        <SyncAttribute SourceName="endTime" GlobalName="endTime" Type="string" IsNullable="true" Autogenerated="false"/>
        <SyncAttribute SourceName="incidentBillToStaff" GlobalName="incidentBillToStaff" Type="string" IsNullable="true" Autogenerated="false"/>
        <SyncAttribute SourceName="organizationId" GlobalName="organizationId" Type="string" IsNullable="true" Autogenerated="false"/>
        <SyncAttribute SourceName="programId" GlobalName="programId" Type="string" IsNullable="true" Autogenerated="false"/>
        <SyncAttribute SourceName="serviceDocumentId" GlobalName="serviceDocumentId" Type="string" IsNullable="true" Autogenerated="false"/>
        <SyncAttribute SourceName="serviceLocation" GlobalName="serviceLocation" Type="string" IsNullable="true" Autogenerated="false"/>
        <SyncAttribute SourceName="staffId" GlobalName="staffId" Type="string" IsNullable="true" Autogenerated="false"/>
        <SyncAttribute SourceName="startDate" GlobalName="startDate" Type="string" IsNullable="true" Autogenerated="false"/>
        <SyncAttribute SourceName="startTime" GlobalName="startTime" Type="string" IsNullable="true" Autogenerated="false"/>
        <SyncAttribute SourceName="status" GlobalName="status" Type="string" IsNullable="true" Autogenerated="false"/>
        <SyncAttribute SourceName="timestamp" GlobalName="timestamp" Type="string" IsNullable="true" Autogenerated="false"/>
        <SyncAttribute SourceName="docId" GlobalName="docId" Type="string" IsNullable="true" Autogenerated="false"/>
        <SyncAttribute SourceName="nonBillableMinutes" GlobalName="nonBillableMinutes" Type="string" IsNullable="true" Autogenerated="false"/>
        <SyncAttribute SourceName="isUpdated" GlobalName="isUpdated" Type="string" IsNullable="true" Autogenerated="false"/>
        <SyncAttribute SourceName="serviceLocationId" GlobalName="serviceLocationId" Type="string" IsNullable="true" Autogenerated="false"/>
        <SyncAttribute SourceName="incidentBillToStaffId" GlobalName="incidentBillToStaffId" Type="string" IsNullable="true" Autogenerated="false"/>
    </SyncAttributes>
    <Relationships/>
    <FilterParameters>
        <ClientFilterParameters/>
        <ServerFilterParameters/>
    </FilterParameters>
    <Operations>
        <Operation Name="Create" DataSource="CarelogicServices" ServiceID="None">
            <InputHeader/>
            <Input/>
            <Output/>
        </Operation>
        <Operation Name="Update" DataSource="CarelogicServices" ServiceID="None">
            <InputHeader/>
            <Input/>
            <Output/>
        </Operation>
        <Operation Name="Delete" DataSource="CarelogicServices" ServiceID="None">
            <InputHeader/>
            <Input/>
            <Output/>
        </Operation>
        <Operation Name="BulkCreate" DataSource="CarelogicServices" ServiceID="None">
            <InputHeader/>
            <Input/>
            <Output/>
        </Operation>
        <Operation Name="BulkUpdate" DataSource="CarelogicServices" ServiceID="None">
            <InputHeader/>
            <Input/>
            <Output/>
        </Operation>
        <Operation Name="BulkDelete" DataSource="CarelogicServices" ServiceID="None">
            <InputHeader/>
            <Input/>
            <Output/>
        </Operation>
        <Operation Name="BulkGet" DataSource="CarelogicServices" ServiceID="None">
            <InputHeader/>
            <Input/>
            <Output/>
        </Operation>
        <Operation Name="get" DataSource="CarelogicServices" ServiceID="None">
            <InputHeader/>
            <Input/>
            <Output/>
        </Operation>
        <Operation Name="getUpdated" DataSource="CarelogicServices" ServiceID="appointments">
            <InputHeader>
                <Param Name="Authorization" SourceValue="Authorization" Source="CONTEXT"/>
                <Param Name="Content-Type" SourceValue="application/json" Source="CONSTANT"/>
            </InputHeader>
            <Input>
                <Param Name="lastSync" SourceValue="lastSync" Source="CONTEXT"/>
                <Param Name="deviceId" SourceValue="deviceId" Source="CONTEXT"/>
                <Param Name="syncId" SourceValue="syncId" Source="CONTEXT"/>
            </Input>
            <Output>
                <Param Name="appointments.serviceLocation" SourceValue="serviceLocation" Source="ATTRIBUTE"/>
                <Param Name="appointments.appointmentType" SourceValue="appointmentType" Source="ATTRIBUTE"/>
                <Param Name="appointments.clientId" SourceValue="clientId" Source="ATTRIBUTE"/>
                <Param Name="appointments.incidentBillToStaff" SourceValue="incidentBillToStaff" Source="ATTRIBUTE"/>
                <Param Name="appointments.organizationId" SourceValue="organizationId" Source="ATTRIBUTE"/>
                <Param Name="appointments.duration" SourceValue="duration" Source="ATTRIBUTE"/>
                <Param Name="appointments.activityId" SourceValue="activityId" Source="ATTRIBUTE"/>
                <Param Name="appointments.appointmentId" SourceValue="appointmentId" Source="ATTRIBUTE"/>
                <Param Name="appointments.startTime" SourceValue="startTime" Source="ATTRIBUTE"/>
                <Param Name="appointments.endTime" SourceValue="endTime" Source="ATTRIBUTE"/>
                <Param Name="appointments.staffId" SourceValue="staffId" Source="ATTRIBUTE"/>
                <Param Name="appointments.serviceDocumentId" SourceValue="serviceDocumentId" Source="ATTRIBUTE"/>
                <Param Name="appointments.programId" SourceValue="programId" Source="ATTRIBUTE"/>
                <Param Name="appointments.startDate" SourceValue="startDate" Source="ATTRIBUTE"/>
                <Param Name="appointments.status" SourceValue="status" Source="ATTRIBUTE"/>
                <Param Name="appointments.nonBillableMinutes" SourceValue="nonBillableMinutes" Source="ATTRIBUTE"/>
                <Param Name="appointments.incidentBillToStaffId" SourceValue="incidentBillToStaffId" Source="ATTRIBUTE"/>
                <Param Name="appointments.serviceLocationId" SourceValue="serviceLocationId" Source="ATTRIBUTE"/>
            </Output>
        </Operation>
        <Operation Name="getDeleted" DataSource="CarelogicServices" ServiceID="None">
            <InputHeader/>
            <Input/>
            <Output/>
        </Operation>
        <Operation Name="getBatch" DataSource="CarelogicServices" ServiceID="None">
            <InputHeader/>
            <Input/>
            <Output/>
        </Operation>
    </Operations>
</SyncObject>
