<?xml version="1.0" encoding="UTF-8" standalone="yes"?>
<SyncObject Generated="false" SourceName="SECTION" GlobalName="SECTION">
    <SyncAttributes>
        <Key>
            <Attribute GlobalName="section_id"/>
            <Attribute GlobalName="section_measureId"/>
        </Key>
        <SyncAttribute SourceName="measure_lastModifiedDate" GlobalName="measure_lastModifiedDate" Type="string" IsNullable="true" Autogenerated="false"/>
        <SyncAttribute SourceName="section_id" GlobalName="section_id" Type="string" IsNullable="false" Autogenerated="false"/>
        <SyncAttribute SourceName="section_sequence" GlobalName="section_sequence" Type="int" IsNullable="true" Autogenerated="false"/>
        <SyncAttribute SourceName="section_shortName" GlobalName="section_shortName" Type="string" IsNullable="true" Autogenerated="false"/>
        <SyncAttribute SourceName="section_title" GlobalName="section_title" Type="string" IsNullable="true" Autogenerated="false"/>
        <SyncAttribute SourceName="section_measureId" GlobalName="section_measureId" Type="string" IsNullable="true" Autogenerated="false"/>
        <SyncAttribute SourceName="hasRule" GlobalName="hasRule" Type="string" IsNullable="true" Autogenerated="false"/>
        <SyncAttribute SourceName="defaultAction" GlobalName="defaultAction" Type="string" IsNullable="true" Autogenerated="false"/>
        <SyncAttribute SourceName="action" GlobalName="action" Type="string" IsNullable="true" Autogenerated="false"/>
        <SyncAttribute SourceName="timestamp" GlobalName="timestamp" Type="string" IsNullable="true" Autogenerated="false"/>
        <SyncAttribute SourceName="businessRule" GlobalName="businessRule" Type="string" IsNullable="true" Autogenerated="false"/>
    </SyncAttributes>
    <Relationships>
        <OneToMany TargetObject="QUESTION" TargetObjectAttribute="questions_id" SourceObjectAttribute="section_id" Cascade="true"/>
    </Relationships>
    <FilterParameters>
        <ClientFilterParameters/>
        <ServerFilterParameters/>
    </FilterParameters>
    <Operations>
        <Operation Name="Create" DataSource="CarelogicServices" ServiceID="getImpactsInfo">
            <InputHeader/>
            <Input/>
            <Output/>
        </Operation>
        <Operation Name="Update" DataSource="CarelogicServices" ServiceID="None">
            <InputHeader/>
            <Input/>
            <Output/>
        </Operation>
        <Operation Name="Delete" DataSource="CarelogicServices" ServiceID="None">
            <InputHeader/>
            <Input/>
            <Output/>
        </Operation>
        <Operation Name="BulkCreate" DataSource="CarelogicServices" ServiceID="None">
            <InputHeader/>
            <Input/>
            <Output/>
        </Operation>
        <Operation Name="BulkUpdate" DataSource="CarelogicServices" ServiceID="None">
            <InputHeader/>
            <Input/>
            <Output/>
        </Operation>
        <Operation Name="BulkDelete" DataSource="CarelogicServices" ServiceID="None">
            <InputHeader/>
            <Input/>
            <Output/>
        </Operation>
        <Operation Name="BulkGet" DataSource="CarelogicServices" ServiceID="None">
            <InputHeader/>
            <Input/>
            <Output/>
        </Operation>
        <Operation Name="get" DataSource="CarelogicServices" ServiceID="getImpactsInfo">
            <InputHeader/>
            <Input/>
            <Output/>
        </Operation>
        <Operation Name="getUpdated" DataSource="CarelogicServices" ServiceID="getImpactsInfo">
            <InputHeader>
                <Param Name="Authorization" SourceValue="Authorization" Source="CONTEXT"/>
                <Param Name="Content-Type" SourceValue="application/json" Source="CONSTANT"/>
            </InputHeader>
            <Input>
                <Param Name="deviceId" SourceValue="deviceId" Source="CONTEXT"/>
                <Param Name="lastSync" SourceValue="lastSync" Source="CONTEXT"/>
                <Param Name="syncId" SourceValue="syncId" Source="CONTEXT"/>
            </Input>
            <Output>
                <Param Name="measure_lastModifiedDate" SourceValue="measure_lastModifiedDate" Source="ATTRIBUTE"/>
                <Param Name="sections.section_title" SourceValue="section_title" Source="ATTRIBUTE"/>
                <Param Name="sections.section_id" SourceValue="section_id" Source="ATTRIBUTE"/>
                <Param Name="sections.section_shortName" SourceValue="section_shortName" Source="ATTRIBUTE"/>
                <Param Name="sections.section_sequence" SourceValue="section_sequence" Source="ATTRIBUTE"/>
                <Param Name="sections.section_measureId" SourceValue="section_measureId" Source="ATTRIBUTE"/>
                <Param Name="sections.hasRule" SourceValue="hasRule" Source="ATTRIBUTE"/>
                <Param Name="sections.defaultAction" SourceValue="defaultAction" Source="ATTRIBUTE"/>
                <Param Name="sections.action" SourceValue="action" Source="ATTRIBUTE"/>
                <Param Name="sections.businessRule" SourceValue="businessRule" Source="ATTRIBUTE"/>
            </Output>
        </Operation>
        <Operation Name="getDeleted" DataSource="CarelogicServices" ServiceID="None">
            <InputHeader/>
            <Input/>
            <Output/>
        </Operation>
        <Operation Name="getBatch" DataSource="CarelogicServices" ServiceID="None">
            <InputHeader/>
            <Input/>
            <Output/>
        </Operation>
    </Operations>
</SyncObject>
