<?xml version="1.0" encoding="UTF-8" standalone="yes"?>
<SyncObject Generated="false" SourceName="SERVICEDOCUMENTS" GlobalName="SERVICEDOCUMENTS">
    <SyncAttributes>
        <Key>
            <Attribute GlobalName="docId"/>
        </Key>
        <SyncAttribute SourceName="docBeginDate" GlobalName="docBeginDate" Type="string" IsNullable="true" Autogenerated="false"/>
        <SyncAttribute SourceName="docCode" GlobalName="docCode" Type="string" IsNullable="true" Autogenerated="false"/>
        <SyncAttribute SourceName="docCreatedBy" GlobalName="docCreatedBy" Type="string" IsNullable="true" Autogenerated="false"/>
        <SyncAttribute SourceName="docDescription" GlobalName="docDescription" Type="string" IsNullable="true" Autogenerated="false"/>
        <SyncAttribute SourceName="docEnabledSignature" GlobalName="docEnabledSignature" Type="string" IsNullable="true" Autogenerated="false"/>
        <SyncAttribute SourceName="docId" GlobalName="docId" Type="string" IsNullable="false" Autogenerated="false"/>
        <SyncAttribute SourceName="documentType" GlobalName="documentType" Type="string" IsNullable="true" Autogenerated="false"/>
        <SyncAttribute SourceName="docEndDate" GlobalName="docEndDate" Type="string" IsNullable="true" Autogenerated="false"/>
        <SyncAttribute SourceName="numberOfStaffSignatures" GlobalName="numberOfStaffSignatures" Type="string" IsNullable="true" Autogenerated="false"/>
        <SyncAttribute SourceName="minimumNumberOfStaffSignatures" GlobalName="minimumNumberOfStaffSignatures" Type="string" IsNullable="true" Autogenerated="false"/>
        <SyncAttribute SourceName="multipleSignature" GlobalName="multipleSignature" Type="string" IsNullable="true" Autogenerated="false"/>
        <SyncAttribute SourceName="numberOfExternalSignatures" GlobalName="numberOfExternalSignatures" Type="string" IsNullable="true" Autogenerated="false"/>
        <SyncAttribute SourceName="requireIncidentBillToSignature" GlobalName="requireIncidentBillToSignature" Type="string" IsNullable="true" Autogenerated="false"/>
        <SyncAttribute SourceName="timestamp" GlobalName="timestamp" Type="string" IsNullable="true" Autogenerated="false"/>
        <SyncAttribute SourceName="isClientProgramRequired" GlobalName="isClientProgramRequired" Type="string" IsNullable="true" Autogenerated="false"/>
        <SyncAttribute SourceName="canAddDocumentInErc" GlobalName="canAddDocumentInErc" Type="string" IsNullable="true" Autogenerated="false"/>
        <SyncAttribute SourceName="organizationIds" GlobalName="organizationIds" Type="string" IsNullable="true" Autogenerated="false"/>
    </SyncAttributes>
    <Relationships>
        <OneToMany TargetObject="MODULES" TargetObjectAttribute="id" SourceObjectAttribute="docId" Cascade="true"/>
    </Relationships>
    <FilterParameters>
        <ClientFilterParameters/>
        <ServerFilterParameters/>
    </FilterParameters>
    <Operations>
        <Operation Name="Create" DataSource="CarelogicServices" ServiceID="None">
            <InputHeader/>
            <Input/>
            <Output/>
        </Operation>
        <Operation Name="Update" DataSource="CarelogicServices" ServiceID="None">
            <InputHeader/>
            <Input/>
            <Output/>
        </Operation>
        <Operation Name="Delete" DataSource="CarelogicServices" ServiceID="None">
            <InputHeader/>
            <Input/>
            <Output/>
        </Operation>
        <Operation Name="BulkCreate" DataSource="CarelogicServices" ServiceID="None">
            <InputHeader/>
            <Input/>
            <Output/>
        </Operation>
        <Operation Name="BulkUpdate" DataSource="CarelogicServices" ServiceID="None">
            <InputHeader/>
            <Input/>
            <Output/>
        </Operation>
        <Operation Name="BulkDelete" DataSource="CarelogicServices" ServiceID="None">
            <InputHeader/>
            <Input/>
            <Output/>
        </Operation>
        <Operation Name="BulkGet" DataSource="CarelogicServices" ServiceID="None">
            <InputHeader/>
            <Input/>
            <Output/>
        </Operation>
        <Operation Name="get" DataSource="CarelogicServices" ServiceID="None">
            <InputHeader/>
            <Input/>
            <Output/>
        </Operation>
        <Operation Name="getUpdated" DataSource="CarelogicServices" ServiceID="getServicedocuments">
            <InputHeader>
                <Param Name="Authorization" SourceValue="Authorization" Source="CONTEXT"/>
                <Param Name="Content-Type" SourceValue="application/json" Source="CONSTANT"/>
            </InputHeader>
            <Input>
                <Param Name="deviceId" SourceValue="deviceId" Source="CONTEXT"/>
                <Param Name="lastSync" SourceValue="lastSync" Source="CONTEXT"/>
                <Param Name="syncId" SourceValue="syncId" Source="CONTEXT"/>
            </Input>
            <Output>
                <Param Name="serviceDocuments.docDescription" SourceValue="docDescription" Source="ATTRIBUTE"/>
                <Param Name="serviceDocuments.docBeginDate" SourceValue="docBeginDate" Source="ATTRIBUTE"/>
                <Param Name="serviceDocuments.documentType" SourceValue="documentType" Source="ATTRIBUTE"/>
                <Param Name="serviceDocuments.docId" SourceValue="docId" Source="ATTRIBUTE"/>
                <Param Name="serviceDocuments.docCreatedBy" SourceValue="docCreatedBy" Source="ATTRIBUTE"/>
                <Param Name="serviceDocuments.docEnabledSignature" SourceValue="docEnabledSignature" Source="ATTRIBUTE"/>
                <Param Name="serviceDocuments.docCode" SourceValue="docCode" Source="ATTRIBUTE"/>
                <Param Name="serviceDocuments.docEndDate" SourceValue="docEndDate" Source="ATTRIBUTE"/>
                <Param Name="serviceDocuments.numberOfStaffSignatures" SourceValue="numberOfStaffSignatures" Source="ATTRIBUTE"/>
                <Param Name="serviceDocuments.minimumNumberOfStaffSignatures" SourceValue="minimumNumberOfStaffSignatures" Source="ATTRIBUTE"/>
                <Param Name="serviceDocuments.multipleSignature" SourceValue="multipleSignature" Source="ATTRIBUTE"/>
                <Param Name="serviceDocuments.numberOfExternalSignatures" SourceValue="numberOfExternalSignatures" Source="ATTRIBUTE"/>
                <Param Name="serviceDocuments.requireIncidentBillToSignature" SourceValue="requireIncidentBillToSignature" Source="ATTRIBUTE"/>
                <Param Name="serviceDocuments.isClientProgramRequired" SourceValue="isClientProgramRequired" Source="ATTRIBUTE"/>
                <Param Name="serviceDocuments.canAddDocumentInErc" SourceValue="canAddDocumentInErc" Source="ATTRIBUTE"/>
                <Param Name="serviceDocuments.organizationIds" SourceValue="organizationIds" Source="ATTRIBUTE"/>
            </Output>
        </Operation>
        <Operation Name="getDeleted" DataSource="CarelogicServices" ServiceID="None">
            <InputHeader/>
            <Input/>
            <Output/>
        </Operation>
        <Operation Name="getBatch" DataSource="CarelogicServices" ServiceID="None">
            <InputHeader/>
            <Input/>
            <Output/>
        </Operation>
    </Operations>
</SyncObject>
