<?xml version="1.0" encoding="UTF-8" standalone="yes"?>
<SyncObject Generated="false" SourceName="QVALUES" GlobalName="QVALUES">
    <SyncAttributes>
        <Key>
            <Attribute GlobalName="values_id"/>
        </Key>
        <SyncAttribute SourceName="measure_lastModifiedDate" GlobalName="measure_lastModifiedDate" Type="string" IsNullable="true" Autogenerated="false"/>
        <SyncAttribute SourceName="values_id" GlobalName="values_id" Type="string" IsNullable="false" Autogenerated="false"/>
        <SyncAttribute SourceName="values_questionId" GlobalName="values_questionId" Type="string" IsNullable="true" Autogenerated="false"/>
        <SyncAttribute SourceName="values_sequence" GlobalName="values_sequence" Type="int" IsNullable="true" Autogenerated="false"/>
        <SyncAttribute SourceName="values_text" GlobalName="values_text" Type="string" IsNullable="true" Autogenerated="false"/>
        <SyncAttribute SourceName="values_value" GlobalName="values_value" Type="string" IsNullable="true" Autogenerated="false"/>
        <SyncAttribute SourceName="timestamp" GlobalName="timestamp" Type="string" IsNullable="true" Autogenerated="false"/>
    </SyncAttributes>
    <Relationships/>
    <FilterParameters>
        <ClientFilterParameters/>
        <ServerFilterParameters/>
    </FilterParameters>
    <Operations>
        <Operation Name="Create" DataSource="CarelogicServices" ServiceID="None">
            <InputHeader/>
            <Input/>
            <Output/>
        </Operation>
        <Operation Name="Update" DataSource="CarelogicServices" ServiceID="None">
            <InputHeader/>
            <Input/>
            <Output/>
        </Operation>
        <Operation Name="Delete" DataSource="CarelogicServices" ServiceID="None">
            <InputHeader/>
            <Input/>
            <Output/>
        </Operation>
        <Operation Name="BulkCreate" DataSource="CarelogicServices" ServiceID="None">
            <InputHeader/>
            <Input/>
            <Output/>
        </Operation>
        <Operation Name="BulkUpdate" DataSource="CarelogicServices" ServiceID="None">
            <InputHeader/>
            <Input/>
            <Output/>
        </Operation>
        <Operation Name="BulkDelete" DataSource="CarelogicServices" ServiceID="None">
            <InputHeader/>
            <Input/>
            <Output/>
        </Operation>
        <Operation Name="BulkGet" DataSource="CarelogicServices" ServiceID="None">
            <InputHeader/>
            <Input/>
            <Output/>
        </Operation>
        <Operation Name="get" DataSource="CarelogicServices" ServiceID="None">
            <InputHeader/>
            <Input/>
            <Output/>
        </Operation>
        <Operation Name="getUpdated" DataSource="CarelogicServices" ServiceID="getImpactsInfo">
            <InputHeader>
                <Param Name="Authorization" SourceValue="Authorization" Source="CONTEXT"/>
                <Param Name="Content-Type" SourceValue="application/json" Source="CONSTANT"/>
            </InputHeader>
            <Input>
                <Param Name="deviceId" SourceValue="deviceId" Source="CONTEXT"/>
                <Param Name="lastSync" SourceValue="lastSync" Source="CONTEXT"/>
                <Param Name="syncId" SourceValue="syncId" Source="CONTEXT"/>
            </Input>
            <Output>
                <Param Name="valuesCollection.values_text" SourceValue="values_text" Source="ATTRIBUTE"/>
                <Param Name="valuesCollection.values_questionId" SourceValue="values_questionId" Source="ATTRIBUTE"/>
                <Param Name="valuesCollection.values_id" SourceValue="values_id" Source="ATTRIBUTE"/>
                <Param Name="valuesCollection.values_value" SourceValue="values_value" Source="ATTRIBUTE"/>
                <Param Name="valuesCollection.values_sequence" SourceValue="values_sequence" Source="ATTRIBUTE"/>
                <Param Name="measure_lastModifiedDate" SourceValue="measure_lastModifiedDate" Source="ATTRIBUTE"/>
            </Output>
        </Operation>
        <Operation Name="getDeleted" DataSource="CarelogicServices" ServiceID="None">
            <InputHeader/>
            <Input/>
            <Output/>
        </Operation>
        <Operation Name="getBatch" DataSource="CarelogicServices" ServiceID="None">
            <InputHeader/>
            <Input/>
            <Output/>
        </Operation>
    </Operations>
</SyncObject>
