<?xml version="1.0" encoding="UTF-8" standalone="yes"?>
<SyncObject Generated="false" SourceName="DELETEDRECORDS" GlobalName="DELETEDRECORDS">
    <SyncAttributes>
        <Key>
            <Attribute GlobalName="entityName"/>
            <Attribute GlobalName="entityValue"/>
        </Key>
        <SyncAttribute SourceName="account" GlobalName="account" Type="string" IsNullable="true" Autogenerated="false"/>
        <SyncAttribute SourceName="deletedDate" GlobalName="deletedDate" Type="string" IsNullable="true" Autogenerated="false"/>
        <SyncAttribute SourceName="entityKey" GlobalName="entityKey" Type="string" IsNullable="true" Autogenerated="false"/>
        <SyncAttribute SourceName="entityName" GlobalName="entityName" Type="string" IsNullable="true" Autogenerated="false"/>
        <SyncAttribute SourceName="entityValue" GlobalName="entityValue" Type="string" IsNullable="true" Autogenerated="false"/>
        <SyncAttribute SourceName="id" GlobalName="id" Type="string" IsNullable="false" Autogenerated="false"/>
        <SyncAttribute SourceName="status" GlobalName="status" Type="string" IsNullable="true" Autogenerated="false"/>
    </SyncAttributes>
    <Relationships/>
    <FilterParameters>
        <ClientFilterParameters/>
        <ServerFilterParameters/>
    </FilterParameters>
    <Operations>
        <Operation Name="Create" DataSource="CarelogicServices" ServiceID="None">
            <InputHeader/>
            <Input/>
            <Output/>
        </Operation>
        <Operation Name="Update" DataSource="CarelogicServices" ServiceID="None">
            <InputHeader/>
            <Input/>
            <Output/>
        </Operation>
        <Operation Name="Delete" DataSource="CarelogicServices" ServiceID="None">
            <InputHeader/>
            <Input/>
            <Output/>
        </Operation>
        <Operation Name="BulkCreate" DataSource="CarelogicServices" ServiceID="None">
            <InputHeader/>
            <Input/>
            <Output/>
        </Operation>
        <Operation Name="BulkUpdate" DataSource="CarelogicServices" ServiceID="None">
            <InputHeader/>
            <Input/>
            <Output/>
        </Operation>
        <Operation Name="BulkDelete" DataSource="CarelogicServices" ServiceID="None">
            <InputHeader/>
            <Input/>
            <Output/>
        </Operation>
        <Operation Name="BulkGet" DataSource="CarelogicServices" ServiceID="None">
            <InputHeader/>
            <Input/>
            <Output/>
        </Operation>
        <Operation Name="get" DataSource="CarelogicServices" ServiceID="None">
            <InputHeader/>
            <Input/>
            <Output/>
        </Operation>
        <Operation Name="getUpdated" DataSource="CarelogicServices" ServiceID="deleteRecords">
            <InputHeader>
                <Param Name="Authorization" SourceValue="Authorization" Source="CONTEXT"/>
                <Param Name="Content-Type" SourceValue="application/json" Source="CONSTANT"/>
            </InputHeader>
            <Input>
                <Param Name="deviceId" SourceValue="deviceId" Source="CONTEXT"/>
                <Param Name="lastSync" SourceValue="lastSync" Source="CONTEXT"/>
                <Param Name="syncId" SourceValue="syncId" Source="CONTEXT"/>
            </Input>
            <Output>
                <Param Name="deletedRecords.entityValue" SourceValue="entityValue" Source="ATTRIBUTE"/>
                <Param Name="deletedRecords.deletedDate" SourceValue="deletedDate" Source="ATTRIBUTE"/>
                <Param Name="deletedRecords.entityName" SourceValue="entityName" Source="ATTRIBUTE"/>
                <Param Name="deletedRecords.entityKey" SourceValue="entityKey" Source="ATTRIBUTE"/>
                <Param Name="deletedRecords.id" SourceValue="id" Source="ATTRIBUTE"/>
                <Param Name="deletedRecords.account" SourceValue="account" Source="ATTRIBUTE"/>
                <Param Name="deletedRecords.status" SourceValue="status" Source="ATTRIBUTE"/>
            </Output>
        </Operation>
        <Operation Name="getDeleted" DataSource="CarelogicServices" ServiceID="None">
            <InputHeader/>
            <Input/>
            <Output/>
        </Operation>
        <Operation Name="getBatch" DataSource="CarelogicServices" ServiceID="None">
            <InputHeader/>
            <Input/>
            <Output/>
        </Operation>
    </Operations>
</SyncObject>
