<?xml version="1.0" encoding="UTF-8" standalone="yes"?>
<SyncObject Generated="false" SourceName="DIAGNOSIS" GlobalName="DIAGNOSIS">
    <SyncAttributes>
        <Key>
            <Attribute GlobalName="diagnosisId"/>
        </Key>
        <SyncAttribute SourceName="clientId" GlobalName="clientId" Type="string" IsNullable="true" Autogenerated="false"/>
        <SyncAttribute SourceName="diagnosisBy" GlobalName="diagnosisBy" Type="string" IsNullable="true" Autogenerated="false"/>
        <SyncAttribute SourceName="diagnosisText" GlobalName="diagnosisText" Type="string" IsNullable="true" Autogenerated="false"/>
        <SyncAttribute SourceName="efectiveDate" GlobalName="efectiveDate" Type="string" IsNullable="true" Autogenerated="false"/>
        <SyncAttribute SourceName="icd10Code" GlobalName="icd10Code" Type="string" IsNullable="true" Autogenerated="false"/>
        <SyncAttribute SourceName="priority" GlobalName="priority" Type="string" IsNullable="true" Autogenerated="false"/>
        <SyncAttribute SourceName="timestamp" GlobalName="timestamp" Type="string" IsNullable="true" Autogenerated="false"/>
        <SyncAttribute SourceName="diagnosisId" GlobalName="diagnosisId" Type="string" IsNullable="true" Autogenerated="false"/>
        <SyncAttribute SourceName="diagnosisStaffBy" GlobalName="diagnosisStaffBy" Type="string" IsNullable="true" Autogenerated="false"/>
        <SyncAttribute SourceName="externalDiagYN" GlobalName="externalDiagYN" Type="string" IsNullable="true" Autogenerated="false"/>
    </SyncAttributes>
    <Relationships/>
    <FilterParameters>
        <ClientFilterParameters/>
        <ServerFilterParameters/>
    </FilterParameters>
    <Operations>
        <Operation Name="Create" DataSource="CarelogicServices" ServiceID="None">
            <InputHeader/>
            <Input/>
            <Output/>
        </Operation>
        <Operation Name="Update" DataSource="CarelogicServices" ServiceID="None">
            <InputHeader/>
            <Input/>
            <Output/>
        </Operation>
        <Operation Name="Delete" DataSource="CarelogicServices" ServiceID="None">
            <InputHeader/>
            <Input/>
            <Output/>
        </Operation>
        <Operation Name="BulkCreate" DataSource="CarelogicServices" ServiceID="None">
            <InputHeader/>
            <Input/>
            <Output/>
        </Operation>
        <Operation Name="BulkUpdate" DataSource="CarelogicServices" ServiceID="None">
            <InputHeader/>
            <Input/>
            <Output/>
        </Operation>
        <Operation Name="BulkDelete" DataSource="CarelogicServices" ServiceID="None">
            <InputHeader/>
            <Input/>
            <Output/>
        </Operation>
        <Operation Name="BulkGet" DataSource="CarelogicServices" ServiceID="None">
            <InputHeader/>
            <Input/>
            <Output/>
        </Operation>
        <Operation Name="get" DataSource="CarelogicServices" ServiceID="None">
            <InputHeader/>
            <Input/>
            <Output/>
        </Operation>
        <Operation Name="getUpdated" DataSource="CarelogicServices" ServiceID="diagnosis">
            <InputHeader>
                <Param Name="Authorization" SourceValue="Authorization" Source="CONTEXT"/>
                <Param Name="Content-Type" SourceValue="application/json" Source="CONSTANT"/>
            </InputHeader>
            <Input>
                <Param Name="deviceId" SourceValue="deviceId" Source="CONTEXT"/>
                <Param Name="syncId" SourceValue="syncId" Source="CONTEXT"/>
                <Param SourceValue="lastSync" Source="CONSTANT"/>
            </Input>
            <Output>
                <Param Name="diagnosis.icd10Code" SourceValue="icd10Code" Source="ATTRIBUTE"/>
                <Param Name="diagnosis.diagnosisBy" SourceValue="diagnosisBy" Source="ATTRIBUTE"/>
                <Param Name="diagnosis.diagnosisText" SourceValue="diagnosisText" Source="ATTRIBUTE"/>
                <Param Name="diagnosis.clientId" SourceValue="clientId" Source="ATTRIBUTE"/>
                <Param Name="diagnosis.efectiveDate" SourceValue="efectiveDate" Source="ATTRIBUTE"/>
                <Param Name="diagnosis.priority" SourceValue="priority" Source="ATTRIBUTE"/>
                <Param Name="diagnosis.diagnosisId" SourceValue="diagnosisId" Source="ATTRIBUTE"/>
                <Param Name="diagnosis.diagnosisStaffBy" SourceValue="diagnosisStaffBy" Source="ATTRIBUTE"/>
                <Param Name="diagnosis.externalDiagYN" SourceValue="externalDiagYN" Source="ATTRIBUTE"/>
            </Output>
        </Operation>
        <Operation Name="getDeleted" DataSource="CarelogicServices" ServiceID="None">
            <InputHeader/>
            <Input/>
            <Output/>
        </Operation>
        <Operation Name="getBatch" DataSource="CarelogicServices" ServiceID="None">
            <InputHeader/>
            <Input/>
            <Output/>
        </Operation>
    </Operations>
</SyncObject>
