<?xml version="1.0" encoding="UTF-8" standalone="yes"?>
<SyncObject Generated="false" SourceName="MEASURE" GlobalName="MEASURE">
    <SyncAttributes>
        <Key>
            <Attribute GlobalName="measure_id"/>
        </Key>
        <SyncAttribute SourceName="measure_headerNarrative" GlobalName="measure_headerNarrative" Type="string" IsNullable="true" Autogenerated="false"/>
        <SyncAttribute SourceName="measure_id" GlobalName="measure_id" Type="string" IsNullable="false" Autogenerated="false"/>
        <SyncAttribute SourceName="measure_lastModifiedDate" GlobalName="measure_lastModifiedDate" Type="string" IsNullable="true" Autogenerated="false"/>
        <SyncAttribute SourceName="measure_longName" GlobalName="measure_longName" Type="string" IsNullable="true" Autogenerated="false"/>
        <SyncAttribute SourceName="measure_scoreProgresion" GlobalName="measure_scoreProgresion" Type="string" IsNullable="true" Autogenerated="false"/>
        <SyncAttribute SourceName="measure_scoreType" GlobalName="measure_scoreType" Type="string" IsNullable="true" Autogenerated="false"/>
        <SyncAttribute SourceName="measure_shortName" GlobalName="measure_shortName" Type="string" IsNullable="true" Autogenerated="false"/>
        <SyncAttribute SourceName="measure_useRadioBtns" GlobalName="measure_useRadioBtns" Type="string" IsNullable="true" Autogenerated="false"/>
        <SyncAttribute SourceName="measure_beginDate" GlobalName="measure_beginDate" Type="string" IsNullable="true" Autogenerated="false"/>
        <SyncAttribute SourceName="measure_expression" GlobalName="measure_expression" Type="string" IsNullable="true" Autogenerated="false"/>
        <SyncAttribute SourceName="measure_instructions" GlobalName="measure_instructions" Type="string" IsNullable="true" Autogenerated="false"/>
        <SyncAttribute SourceName="measure_newLogical" GlobalName="measure_newLogical" Type="string" IsNullable="true" Autogenerated="false"/>
        <SyncAttribute SourceName="measure_trailingNarrative" GlobalName="measure_trailingNarrative" Type="string" IsNullable="true" Autogenerated="false"/>
        <SyncAttribute SourceName="endDate" GlobalName="endDate" Type="string" IsNullable="true" Autogenerated="false"/>
        <SyncAttribute SourceName="timestamp" GlobalName="timestamp" Type="string" IsNullable="true" Autogenerated="false"/>
    </SyncAttributes>
    <Relationships>
        <OneToMany TargetObject="SECTION" TargetObjectAttribute="section_id" SourceObjectAttribute="measure_id" Cascade="true"/>
    </Relationships>
    <FilterParameters>
        <ClientFilterParameters/>
        <ServerFilterParameters/>
    </FilterParameters>
    <Operations>
        <Operation Name="Create" DataSource="CarelogicServices" ServiceID="getImpactsInfo">
            <InputHeader/>
            <Input/>
            <Output/>
        </Operation>
        <Operation Name="Update" DataSource="CarelogicServices" ServiceID="None">
            <InputHeader/>
            <Input/>
            <Output/>
        </Operation>
        <Operation Name="Delete" DataSource="CarelogicServices" ServiceID="None">
            <InputHeader/>
            <Input/>
            <Output/>
        </Operation>
        <Operation Name="BulkCreate" DataSource="CarelogicServices" ServiceID="None">
            <InputHeader/>
            <Input/>
            <Output/>
        </Operation>
        <Operation Name="BulkUpdate" DataSource="CarelogicServices" ServiceID="None">
            <InputHeader/>
            <Input/>
            <Output/>
        </Operation>
        <Operation Name="BulkDelete" DataSource="CarelogicServices" ServiceID="None">
            <InputHeader/>
            <Input/>
            <Output/>
        </Operation>
        <Operation Name="BulkGet" DataSource="CarelogicServices" ServiceID="None">
            <InputHeader/>
            <Input/>
            <Output/>
        </Operation>
        <Operation Name="get" DataSource="CarelogicServices" ServiceID="None">
            <InputHeader/>
            <Input/>
            <Output/>
        </Operation>
        <Operation Name="getUpdated" DataSource="CarelogicServices" ServiceID="getImpactsInfo">
            <InputHeader>
                <Param Name="Authorization" SourceValue="Authorization" Source="CONTEXT"/>
                <Param Name="Content-Type" SourceValue="application/json" Source="CONSTANT"/>
            </InputHeader>
            <Input>
                <Param Name="deviceId" SourceValue="deviceId" Source="CONTEXT"/>
                <Param Name="lastSync" SourceValue="lastSync" Source="CONTEXT"/>
                <Param Name="syncId" SourceValue="syncId" Source="CONTEXT"/>
            </Input>
            <Output>
                <Param Name="measures.measure_beginDate" SourceValue="measure_beginDate" Source="ATTRIBUTE"/>
                <Param Name="measures.measure_longName" SourceValue="measure_longName" Source="ATTRIBUTE"/>
                <Param Name="measures.measure_scoreType" SourceValue="measure_scoreType" Source="ATTRIBUTE"/>
                <Param Name="measures.measure_id" SourceValue="measure_id" Source="ATTRIBUTE"/>
                <Param Name="measures.measure_headerNarrative" SourceValue="measure_headerNarrative" Source="ATTRIBUTE"/>
                <Param Name="measures.measure_scoreProgresion" SourceValue="measure_scoreProgresion" Source="ATTRIBUTE"/>
                <Param Name="measures.measure_useRadioBtns" SourceValue="measure_useRadioBtns" Source="ATTRIBUTE"/>
                <Param Name="measure_lastModifiedDate" SourceValue="measure_lastModifiedDate" Source="ATTRIBUTE"/>
                <Param Name="sections.section_shortName" SourceValue="measure_shortName" Source="ATTRIBUTE"/>
                <Param Name="measures.measure_expression" SourceValue="measure_expression" Source="ATTRIBUTE"/>
                <Param Name="measures.measure_instructions" SourceValue="measure_instructions" Source="ATTRIBUTE"/>
                <Param Name="measures.measure_newLogical" SourceValue="measure_newLogical" Source="ATTRIBUTE"/>
                <Param Name="measures.measure_trailingNarrative" SourceValue="measure_trailingNarrative" Source="ATTRIBUTE"/>
                <Param Name="measures.endDate" SourceValue="endDate" Source="ATTRIBUTE"/>
            </Output>
        </Operation>
        <Operation Name="getDeleted" DataSource="CarelogicServices" ServiceID="None">
            <InputHeader/>
            <Input/>
            <Output/>
        </Operation>
        <Operation Name="getBatch" DataSource="CarelogicServices" ServiceID="None">
            <InputHeader/>
            <Input/>
            <Output/>
        </Operation>
    </Operations>
</SyncObject>
