<?xml version="1.0" encoding="UTF-8" standalone="yes"?>
<SyncObject Generated="false" SourceName="QUESTION" GlobalName="QUESTION">
    <SyncAttributes>
        <Key>
            <Attribute GlobalName="questions_id"/>
        </Key>
        <SyncAttribute SourceName="measure_lastModifiedDate" GlobalName="measure_lastModifiedDate" Type="string" IsNullable="true" Autogenerated="false"/>
        <SyncAttribute SourceName="questions_id" GlobalName="questions_id" Type="string" IsNullable="false" Autogenerated="false"/>
        <SyncAttribute SourceName="questions_sequence" GlobalName="questions_sequence" Type="int" IsNullable="true" Autogenerated="false"/>
        <SyncAttribute SourceName="questions_section_id" GlobalName="questions_section_id" Type="string" IsNullable="true" Autogenerated="false"/>
        <SyncAttribute SourceName="questions_non_scoring" GlobalName="questions_non_scoring" Type="string" IsNullable="true" Autogenerated="false"/>
        <SyncAttribute SourceName="questions_score_progression" GlobalName="questions_score_progression" Type="string" IsNullable="true" Autogenerated="false"/>
        <SyncAttribute SourceName="questions_description" GlobalName="questions_description" Type="string" IsNullable="true" Autogenerated="false"/>
        <SyncAttribute SourceName="questions_label" GlobalName="questions_label" Type="string" IsNullable="true" Autogenerated="false"/>
        <SyncAttribute SourceName="questions_controlType" GlobalName="questions_controlType" Type="string" IsNullable="true" Autogenerated="false"/>
        <SyncAttribute SourceName="questions_minCheckable" GlobalName="questions_minCheckable" Type="string" IsNullable="true" Autogenerated="false"/>
        <SyncAttribute SourceName="questions_isRelationship" GlobalName="questions_isRelationship" Type="string" IsNullable="true" Autogenerated="false"/>
        <SyncAttribute SourceName="businessRule" GlobalName="businessRule" Type="string" IsNullable="true" Autogenerated="false"/>
        <SyncAttribute SourceName="defaultAction" GlobalName="defaultAction" Type="string" IsNullable="true" Autogenerated="false"/>
        <SyncAttribute SourceName="timestamp" GlobalName="timestamp" Type="string" IsNullable="true" Autogenerated="false"/>
        <SyncAttribute SourceName="action" GlobalName="action" Type="string" IsNullable="true" Autogenerated="false"/>
    </SyncAttributes>
    <Relationships>
        <OneToMany TargetObject="QVALUES" TargetObjectAttribute="values_id" SourceObjectAttribute="questions_id" Cascade="true"/>
    </Relationships>
    <FilterParameters>
        <ClientFilterParameters/>
        <ServerFilterParameters/>
    </FilterParameters>
    <Operations>
        <Operation Name="Create" DataSource="CarelogicServices" ServiceID="None">
            <InputHeader/>
            <Input/>
            <Output/>
        </Operation>
        <Operation Name="Update" DataSource="CarelogicServices" ServiceID="None">
            <InputHeader/>
            <Input/>
            <Output/>
        </Operation>
        <Operation Name="Delete" DataSource="CarelogicServices" ServiceID="None">
            <InputHeader/>
            <Input/>
            <Output/>
        </Operation>
        <Operation Name="BulkCreate" DataSource="CarelogicServices" ServiceID="None">
            <InputHeader/>
            <Input/>
            <Output/>
        </Operation>
        <Operation Name="BulkUpdate" DataSource="CarelogicServices" ServiceID="None">
            <InputHeader/>
            <Input/>
            <Output/>
        </Operation>
        <Operation Name="BulkDelete" DataSource="CarelogicServices" ServiceID="None">
            <InputHeader/>
            <Input/>
            <Output/>
        </Operation>
        <Operation Name="BulkGet" DataSource="CarelogicServices" ServiceID="None">
            <InputHeader/>
            <Input/>
            <Output/>
        </Operation>
        <Operation Name="get" DataSource="CarelogicServices" ServiceID="None">
            <InputHeader/>
            <Input/>
            <Output/>
        </Operation>
        <Operation Name="getUpdated" DataSource="CarelogicServices" ServiceID="getImpactsInfo">
            <InputHeader>
                <Param Name="Authorization" SourceValue="Authorization" Source="CONTEXT"/>
                <Param Name="Content-Type" SourceValue="application/json" Source="CONSTANT"/>
            </InputHeader>
            <Input>
                <Param Name="deviceId" SourceValue="deviceId" Source="CONTEXT"/>
                <Param Name="lastSync" SourceValue="lastSync" Source="CONTEXT"/>
                <Param Name="syncId" SourceValue="syncId" Source="CONTEXT"/>
            </Input>
            <Output>
                <Param Name="measure_lastModifiedDate" SourceValue="measure_lastModifiedDate" Source="ATTRIBUTE"/>
                <Param Name="questions.questions_id" SourceValue="questions_id" Source="ATTRIBUTE"/>
                <Param Name="questions.questions_sequence" SourceValue="questions_sequence" Source="ATTRIBUTE"/>
                <Param Name="questions.questions_section_id" SourceValue="questions_section_id" Source="ATTRIBUTE"/>
                <Param Name="questions.questions_description" SourceValue="questions_description" Source="ATTRIBUTE"/>
                <Param Name="questions.questions_non_scoring" SourceValue="questions_non_scoring" Source="ATTRIBUTE"/>
                <Param Name="questions.questions_score_progression" SourceValue="questions_score_progression" Source="ATTRIBUTE"/>
                <Param Name="questions.questions_label" SourceValue="questions_label" Source="ATTRIBUTE"/>
                <Param Name="questions.questions_minCheckable" SourceValue="questions_minCheckable" Source="ATTRIBUTE"/>
                <Param Name="questions.questions_isRelationship" SourceValue="questions_isRelationship" Source="ATTRIBUTE"/>
                <Param Name="questions.questions_controlType" SourceValue="questions_controlType" Source="ATTRIBUTE"/>
                <Param Name="questions.businessRule" SourceValue="businessRule" Source="ATTRIBUTE"/>
                <Param Name="questions.defaultAction" SourceValue="defaultAction" Source="ATTRIBUTE"/>
                <Param Name="questions.action" SourceValue="action" Source="ATTRIBUTE"/>
            </Output>
        </Operation>
        <Operation Name="getDeleted" DataSource="CarelogicServices" ServiceID="None">
            <InputHeader/>
            <Input/>
            <Output/>
        </Operation>
        <Operation Name="getBatch" DataSource="CarelogicServices" ServiceID="None">
            <InputHeader/>
            <Input/>
            <Output/>
        </Operation>
    </Operations>
</SyncObject>
