<?xml version="1.0" encoding="UTF-8" standalone="yes"?>
<SyncObject Generated="false" SourceName="TELECOM" GlobalName="TELECOM">
    <SyncAttributes>
        <Key>
            <Attribute GlobalName="id"/>
        </Key>
        <SyncAttribute SourceName="areaCode" GlobalName="areaCode" Type="string" IsNullable="true" Autogenerated="false"/>
        <SyncAttribute SourceName="clientId" GlobalName="clientId" Type="string" IsNullable="true" Autogenerated="false"/>
        <SyncAttribute SourceName="extension" GlobalName="extension" Type="string" IsNullable="true" Autogenerated="false"/>
        <SyncAttribute SourceName="id" GlobalName="id" Type="string" IsNullable="true" Autogenerated="false"/>
        <SyncAttribute SourceName="number" GlobalName="number" Type="string" IsNullable="true" Autogenerated="false"/>
        <SyncAttribute SourceName="okToId" GlobalName="okToId" Type="string" IsNullable="true" Autogenerated="false"/>
        <SyncAttribute SourceName="primary" GlobalName="primary" Type="string" IsNullable="true" Autogenerated="false"/>
        <SyncAttribute SourceName="typeDscId" GlobalName="typeDscId" Type="string" IsNullable="true" Autogenerated="false"/>
        <SyncAttribute SourceName="timestamp" GlobalName="timestamp" Type="string" IsNullable="true" Autogenerated="false"/>
        <SyncAttribute SourceName="isModified" GlobalName="isModified" Type="boolean" IsNullable="true" Autogenerated="false"/>
        <SyncAttribute SourceName="typeDsc" GlobalName="typeDsc" Type="string" IsNullable="true" Autogenerated="false"/>
        <SyncAttribute SourceName="numberIntl" GlobalName="numberIntl" Type="string" IsNullable="true" Autogenerated="false"/>
    </SyncAttributes>
    <Relationships/>
    <FilterParameters>
        <ClientFilterParameters/>
        <ServerFilterParameters/>
    </FilterParameters>
    <Operations>
        <Operation Name="Create" DataSource="CarelogicServices" ServiceID="None">
            <InputHeader/>
            <Input/>
            <Output/>
        </Operation>
        <Operation Name="Update" DataSource="CarelogicServices" ServiceID="None">
            <InputHeader/>
            <Input/>
            <Output/>
        </Operation>
        <Operation Name="Delete" DataSource="CarelogicServices" ServiceID="None">
            <InputHeader/>
            <Input/>
            <Output/>
        </Operation>
        <Operation Name="BulkCreate" DataSource="CarelogicServices" ServiceID="None">
            <InputHeader/>
            <Input/>
            <Output/>
        </Operation>
        <Operation Name="BulkUpdate" DataSource="CarelogicServices" ServiceID="None">
            <InputHeader/>
            <Input/>
            <Output/>
        </Operation>
        <Operation Name="BulkDelete" DataSource="CarelogicServices" ServiceID="None">
            <InputHeader/>
            <Input/>
            <Output/>
        </Operation>
        <Operation Name="BulkGet" DataSource="CarelogicServices" ServiceID="None">
            <InputHeader/>
            <Input/>
            <Output/>
        </Operation>
        <Operation Name="get" DataSource="CarelogicServices" ServiceID="None">
            <InputHeader/>
            <Input/>
            <Output/>
        </Operation>
        <Operation Name="getUpdated" DataSource="CarelogicServices" ServiceID="getClientPhoneNumbers">
            <InputHeader>
                <Param Name="Authorization" SourceValue="Authorization" Source="CONTEXT"/>
                <Param Name="Content-Type" SourceValue="application/json" Source="CONSTANT"/>
            </InputHeader>
            <Input>
                <Param Name="lastSync" SourceValue="lastSync" Source="CONTEXT"/>
                <Param Name="deviceId" SourceValue="deviceId" Source="CONTEXT"/>
                <Param Name="syncId" SourceValue="syncId" Source="CONTEXT"/>
            </Input>
            <Output>
                <Param Name="member.number" SourceValue="number" Source="ATTRIBUTE"/>
                <Param Name="member.id" SourceValue="id" Source="ATTRIBUTE"/>
                <Param Name="member.areaCode" SourceValue="areaCode" Source="ATTRIBUTE"/>
                <Param Name="member.extension" SourceValue="extension" Source="ATTRIBUTE"/>
                <Param Name="member.typeDscId" SourceValue="typeDscId" Source="ATTRIBUTE"/>
                <Param Name="member.clientId" SourceValue="clientId" Source="ATTRIBUTE"/>
                <Param Name="member.okToId" SourceValue="okToId" Source="ATTRIBUTE"/>
                <Param Name="member.primary" SourceValue="primary" Source="ATTRIBUTE"/>
                <Param Name="member.typeDsc" SourceValue="typeDsc" Source="ATTRIBUTE"/>
                <Param Name="member.numberIntl" SourceValue="numberIntl" Source="ATTRIBUTE"/>
            </Output>
        </Operation>
        <Operation Name="getDeleted" DataSource="CarelogicServices" ServiceID="None">
            <InputHeader/>
            <Input/>
            <Output/>
        </Operation>
        <Operation Name="getBatch" DataSource="CarelogicServices" ServiceID="None">
            <InputHeader/>
            <Input/>
            <Output/>
        </Operation>
    </Operations>
</SyncObject>
