<?xml version="1.0" encoding="UTF-8" standalone="yes"?>
<service serviceGroup="" cachable="false" cacheduration="" description="" endpoint="default" groupType="" id="writeAppointment" passwordencrypted="false" security="authorized_app" type="jsonConnector" smscode="" smsenabled="false">
    <service-config>
        <config-param api-version="" appid="" name="preprocessorname" value=""/>
        <config-param api-version="" appid="" name="postprocessorname" value=""/>
        <config-param api-version="" appid="" name="preprocessorJS" value=""/>
        <config-param api-version="" appid="" name="postprocessorJS" value=""/>
        <config-param api-version="" appid="" name="kony_http_supported_methods" value="POST"/>
        <config-param api-version="" appid="" name="endpointUrl" value="https://apimobile.qualifacts.org/api/gateway/mobile/sync/write/appointment"/>
        <config-param api-version="" appid="" name="ignorehttpproxy" value="true"/>
        <config-param api-version="" appid="" name="http.method" value="POST"/>
        <config-param api-version="" appid="" name="dataObjectName" value=""/>
        <config-param api-version="" appid="" name="sockettimeout" value="300000"/>
        <config-param api-version="" appid="" name="responseEncoding" value="UTF-8"/>
        <config-param api-version="" appid="" name="isembedxmlpresent" value="false"/>
        <config-param api-version="" appid="" name="retrycount" value="0"/>
    </service-config>
    <service-input passthrough="false">
        <header datatype="" name="" passthrough="false">
            <param datatype="string" defaultvalue="application/json" description="" encode="false" format="None" formatvalue="" name="Content-Type" order="" sms-name="" src="request" sourcevalue="" srcformatvalue="" target="" targetdatatype="" testvalue="" value="application/json">
                <accessType></accessType>
            </param>
            <param datatype="string" defaultvalue="" description="" encode="false" format="None" formatvalue="" name="Authorization" order="" sms-name="" src="request" sourcevalue="" srcformatvalue="" target="" targetdatatype="" testvalue="Bearer c0b45dd3-2864-4094-8402-282ca796aea0" value="">
                <accessType></accessType>
            </param>
        </header>
        <param datatype="string" defaultvalue="" description="" encode="false" format="None" formatvalue="" name="input" order="" passnull="false" sms-name="" src="request" sourcevalue="" srcformatvalue="" target="request" targetdatatype="java.lang.String" testvalue="{     &quot;deviceId&quot;: &quot;D5000&quot;,     &quot;lastSync&quot;: &quot;2018-08-02T22:08:36.900Z&quot;,     &quot;syncId&quot;: 70895628,     &quot;resources&quot;: [         {             &quot;staffId&quot;: 1,             &quot;serviceDocumentId&quot;: 50062,             &quot;appointmentType&quot;: &quot;C&quot;,             &quot;clientId&quot;: &quot;1048&quot;,             &quot;programId&quot;: 1001,             &quot;organizationId&quot;: &quot;1000&quot;,             &quot;date&quot;: &quot;2018-02-08T18:11:50.846Z&quot;,             &quot;duration&quot;: &quot;2:40&quot;,             &quot;startTime&quot;: &quot;04:40 PM&quot;,             &quot;endTime&quot;: &quot;06:40 PM&quot;,             &quot;activityId&quot;: 88001,             &quot;serviceLocation&quot;: &quot;Walk-in Retail Health Clinic&quot;,             &quot;status&quot;: &quot;CBC&quot;,             &quot;incidentBillToStaff&quot;: &quot;Rollins, Henry (40011)&quot;,             &quot;audit&quot;: {                 &quot;changedBy&quot;: 56643288,                 &quot;changedDate&quot;: &quot;2017-05-09T02:02:41.518Z&quot;,                 &quot;createdBy&quot;: 85316245,                 &quot;createdDate&quot;: &quot;2017-04-06T14:53:47.029Z&quot;             }         },         {             &quot;staffId&quot;: 1,             &quot;serviceDocumentId&quot;: 50062,             &quot;appointmentType&quot;: &quot;C&quot;,             &quot;clientId&quot;: &quot;1048&quot;,             &quot;programId&quot;: 1002,             &quot;organizationId&quot;: &quot;1000&quot;,             &quot;date&quot;: &quot;2018-02-08T18:11:50.846Z&quot;,             &quot;duration&quot;: &quot;2:40&quot;,             &quot;startTime&quot;: &quot;04:40 PM&quot;,             &quot;endTime&quot;: &quot;06:40 PM&quot;,             &quot;activityId&quot;: 88001,             &quot;serviceLocation&quot;: &quot;Walk-in Retail Health Clinic&quot;,             &quot;status&quot;: &quot;CBC&quot;,             &quot;incidentBillToStaff&quot;: &quot;Rollins, Henry (40011)&quot;,             &quot;audit&quot;: {                 &quot;changedBy&quot;: 56643288,                 &quot;changedDate&quot;: &quot;2017-05-09T02:02:41.518Z&quot;,                 &quot;createdBy&quot;: 85316245,                 &quot;createdDate&quot;: &quot;2017-04-06T14:53:47.029Z&quot;             }         }     ] }" value="">
            <accessType></accessType>
        </param>
        <template-param datatype="" defaultvalue="$input" description="" encode="false" format="" formatvalue="" name="message" order="" sms-name="" src="" sourcevalue="" srcformatvalue="" target="" targetdatatype="" value="$input">
            <accessType></accessType>
        </template-param>
        <stub-param value=""/>
    </service-input>
    <service-output passthrough="false">
        <param datatype="string" defaultvalue="" description="" encode="true" format="None" formatvalue="" name="syncId" order="" passnull="false" sms-name="" src="syncId" sourcevalue="" srcformatvalue="" target="response" targetdatatype="java.lang.String" testvalue="" value="">
            <accessType></accessType>
        </param>
    </service-output>
</service>
