<?xml version="1.0" encoding="UTF-8" standalone="yes"?>
<SyncObject Generated="false" SourceName="RECOMMENDS" GlobalName="RECOMMENDS">
    <SyncAttributes>
        <Key>
            <Attribute GlobalName="recommendsId"/>
        </Key>
        <SyncAttribute SourceName="recommendDetailsId" GlobalName="recommendDetailsId" Type="string" IsNullable="true" Autogenerated="false"/>
        <SyncAttribute SourceName="recommendDetailsMeasureId" GlobalName="recommendDetailsMeasureId" Type="string" IsNullable="true" Autogenerated="false"/>
        <SyncAttribute SourceName="recommendDetailsNarrative" GlobalName="recommendDetailsNarrative" Type="string" IsNullable="true" Autogenerated="false"/>
        <SyncAttribute SourceName="recommendsCeiling" GlobalName="recommendsCeiling" Type="string" IsNullable="true" Autogenerated="false"/>
        <SyncAttribute SourceName="recommendsFloor" GlobalName="recommendsFloor" Type="string" IsNullable="true" Autogenerated="false"/>
        <SyncAttribute SourceName="recommendsId" GlobalName="recommendsId" Type="string" IsNullable="false" Autogenerated="false"/>
        <SyncAttribute SourceName="recommendsMeasureId" GlobalName="recommendsMeasureId" Type="string" IsNullable="true" Autogenerated="false"/>
        <SyncAttribute SourceName="recommendsSequence" GlobalName="recommendsSequence" Type="int" IsNullable="true" Autogenerated="false"/>
    </SyncAttributes>
    <Relationships/>
    <FilterParameters>
        <ClientFilterParameters/>
        <ServerFilterParameters/>
    </FilterParameters>
    <Operations>
        <Operation Name="Create" DataSource="CarelogicServices" ServiceID="None">
            <InputHeader/>
            <Input/>
            <Output/>
        </Operation>
        <Operation Name="Update" DataSource="CarelogicServices" ServiceID="None">
            <InputHeader/>
            <Input/>
            <Output/>
        </Operation>
        <Operation Name="Delete" DataSource="CarelogicServices" ServiceID="None">
            <InputHeader/>
            <Input/>
            <Output/>
        </Operation>
        <Operation Name="BulkCreate" DataSource="CarelogicServices" ServiceID="None">
            <InputHeader/>
            <Input/>
            <Output/>
        </Operation>
        <Operation Name="BulkUpdate" DataSource="CarelogicServices" ServiceID="None">
            <InputHeader/>
            <Input/>
            <Output/>
        </Operation>
        <Operation Name="BulkDelete" DataSource="CarelogicServices" ServiceID="None">
            <InputHeader/>
            <Input/>
            <Output/>
        </Operation>
        <Operation Name="BulkGet" DataSource="CarelogicServices" ServiceID="None">
            <InputHeader/>
            <Input/>
            <Output/>
        </Operation>
        <Operation Name="get" DataSource="CarelogicServices" ServiceID="None">
            <InputHeader/>
            <Input/>
            <Output/>
        </Operation>
        <Operation Name="getUpdated" DataSource="CarelogicServices" ServiceID="getImpactsInfo">
            <InputHeader>
                <Param Name="Authorization" SourceValue="Authorization" Source="CONTEXT"/>
                <Param Name="Content-Type" SourceValue="application/json" Source="CONSTANT"/>
            </InputHeader>
            <Input>
                <Param Name="lastSync" SourceValue="lastSync" Source="CONTEXT"/>
                <Param Name="deviceId" SourceValue="deviceId" Source="CONTEXT"/>
                <Param Name="syncId" SourceValue="syncId" Source="CONTEXT"/>
            </Input>
            <Output>
                <Param Name="recommends.recommendsId" SourceValue="recommendsId" Source="ATTRIBUTE"/>
                <Param Name="recommends.recommendsSequence" SourceValue="recommendsSequence" Source="ATTRIBUTE"/>
                <Param Name="recommends.recommendsMeasureId" SourceValue="recommendsMeasureId" Source="ATTRIBUTE"/>
                <Param Name="recommends.recommendsCeiling" SourceValue="recommendsCeiling" Source="ATTRIBUTE"/>
                <Param Name="recommends.recommendsFloor" SourceValue="recommendsFloor" Source="ATTRIBUTE"/>
                <Param Name="recommends.recommendDetailsId" SourceValue="recommendDetailsId" Source="ATTRIBUTE"/>
                <Param Name="recommends.recommendDetailsMeasureId" SourceValue="recommendDetailsMeasureId" Source="ATTRIBUTE"/>
                <Param Name="recommends.recommendDetailsNarrative" SourceValue="recommendDetailsNarrative" Source="ATTRIBUTE"/>
            </Output>
        </Operation>
        <Operation Name="getDeleted" DataSource="CarelogicServices" ServiceID="None">
            <InputHeader/>
            <Input/>
            <Output/>
        </Operation>
        <Operation Name="getBatch" DataSource="CarelogicServices" ServiceID="None">
            <InputHeader/>
            <Input/>
            <Output/>
        </Operation>
    </Operations>
</SyncObject>
