<?xml version="1.0" encoding="UTF-8" standalone="yes"?>
<SyncObject Generated="false" SourceName="STAFFINFO" GlobalName="STAFFINFO">
    <SyncAttributes>
        <Key>
            <Attribute GlobalName="staffId"/>
        </Key>
        <SyncAttribute SourceName="electronicSignature" GlobalName="electronicSignature" Type="string" IsNullable="true" Autogenerated="false"/>
        <SyncAttribute SourceName="isMultiBookSchedule" GlobalName="isMultiBookSchedule" Type="string" IsNullable="true" Autogenerated="false"/>
        <SyncAttribute SourceName="primaryOrganizationId" GlobalName="primaryOrganizationId" Type="string" IsNullable="true" Autogenerated="false"/>
        <SyncAttribute SourceName="requireElectronicServDoc" GlobalName="requireElectronicServDoc" Type="string" IsNullable="true" Autogenerated="false"/>
        <SyncAttribute SourceName="staffId" GlobalName="staffId" Type="string" IsNullable="true" Autogenerated="false"/>
        <SyncAttribute SourceName="startDate" GlobalName="startDate" Type="string" IsNullable="true" Autogenerated="false"/>
        <SyncAttribute SourceName="terminationDate" GlobalName="terminationDate" Type="string" IsNullable="true" Autogenerated="false"/>
        <SyncAttribute SourceName="supervisoryGroupIds" GlobalName="supervisoryGroupIds" Type="string" IsNullable="true" Autogenerated="false"/>
        <SyncAttribute SourceName="supervisoryIds" GlobalName="supervisoryIds" Type="string" IsNullable="true" Autogenerated="false"/>
    </SyncAttributes>
    <Relationships/>
    <FilterParameters>
        <ClientFilterParameters/>
        <ServerFilterParameters/>
    </FilterParameters>
    <Operations>
        <Operation Name="Create" DataSource="CarelogicServices" ServiceID="None">
            <InputHeader/>
            <Input/>
            <Output/>
        </Operation>
        <Operation Name="Update" DataSource="CarelogicServices" ServiceID="None">
            <InputHeader/>
            <Input/>
            <Output/>
        </Operation>
        <Operation Name="Delete" DataSource="CarelogicServices" ServiceID="None">
            <InputHeader/>
            <Input/>
            <Output/>
        </Operation>
        <Operation Name="BulkCreate" DataSource="CarelogicServices" ServiceID="None">
            <InputHeader/>
            <Input/>
            <Output/>
        </Operation>
        <Operation Name="BulkUpdate" DataSource="CarelogicServices" ServiceID="None">
            <InputHeader/>
            <Input/>
            <Output/>
        </Operation>
        <Operation Name="BulkDelete" DataSource="CarelogicServices" ServiceID="None">
            <InputHeader/>
            <Input/>
            <Output/>
        </Operation>
        <Operation Name="BulkGet" DataSource="CarelogicServices" ServiceID="None">
            <InputHeader/>
            <Input/>
            <Output/>
        </Operation>
        <Operation Name="get" DataSource="CarelogicServices" ServiceID="None">
            <InputHeader/>
            <Input/>
            <Output/>
        </Operation>
        <Operation Name="getUpdated" DataSource="CarelogicServices" ServiceID="getStaffSignatures">
            <InputHeader>
                <Param Name="Authorization" SourceValue="Authorization" Source="CONTEXT"/>
                <Param Name="Content-Type" SourceValue="application/json" Source="CONSTANT"/>
            </InputHeader>
            <Input>
                <Param Name="lastSync" SourceValue="lastSync" Source="CONTEXT"/>
                <Param Name="deviceId" SourceValue="deviceId" Source="CONTEXT"/>
                <Param Name="syncId" SourceValue="syncId" Source="CONTEXT"/>
            </Input>
            <Output>
                <Param Name="StaffDetails.terminationDate" SourceValue="terminationDate" Source="ATTRIBUTE"/>
                <Param Name="StaffDetails.electronicSignature" SourceValue="electronicSignature" Source="ATTRIBUTE"/>
                <Param Name="StaffDetails.primaryOrganizationId" SourceValue="primaryOrganizationId" Source="ATTRIBUTE"/>
                <Param Name="StaffDetails.isMultiBookSchedule" SourceValue="isMultiBookSchedule" Source="ATTRIBUTE"/>
                <Param Name="StaffDetails.staffId" SourceValue="staffId" Source="ATTRIBUTE"/>
                <Param Name="StaffDetails.startDate" SourceValue="startDate" Source="ATTRIBUTE"/>
                <Param Name="StaffDetails.requireElectronicServDoc" SourceValue="requireElectronicServDoc" Source="ATTRIBUTE"/>
                <Param Name="StaffDetails.supervisoryGroupIds" SourceValue="supervisoryGroupIds" Source="ATTRIBUTE"/>
                <Param Name="StaffDetails.supervisoryIds" SourceValue="supervisoryIds" Source="ATTRIBUTE"/>
            </Output>
        </Operation>
        <Operation Name="getDeleted" DataSource="CarelogicServices" ServiceID="None">
            <InputHeader/>
            <Input/>
            <Output/>
        </Operation>
        <Operation Name="getBatch" DataSource="CarelogicServices" ServiceID="None">
            <InputHeader/>
            <Input/>
            <Output/>
        </Operation>
    </Operations>
</SyncObject>
