<?xml version="1.0" encoding="UTF-8" standalone="yes"?>
<SyncObject Generated="false" SourceName="SUBTOTALS" GlobalName="SUBTOTALS">
    <SyncAttributes>
        <Key>
            <Attribute GlobalName="subtotalsId"/>
        </Key>
        <SyncAttribute SourceName="measure_lastModifiedDate" GlobalName="measure_lastModifiedDate" Type="string" IsNullable="true" Autogenerated="false"/>
        <SyncAttribute SourceName="subtotalsId" GlobalName="subtotalsId" Type="string" IsNullable="false" Autogenerated="false"/>
        <SyncAttribute SourceName="subtotalsSequence" GlobalName="subtotalsSequence" Type="int" IsNullable="true" Autogenerated="false"/>
        <SyncAttribute SourceName="subtotalsText" GlobalName="subtotalsText" Type="string" IsNullable="true" Autogenerated="false"/>
        <SyncAttribute SourceName="subtotalsExpresion" GlobalName="subtotalsExpresion" Type="string" IsNullable="true" Autogenerated="false"/>
        <SyncAttribute SourceName="subtotalsMeasureId" GlobalName="subtotalsMeasureId" Type="string" IsNullable="true" Autogenerated="false"/>
        <SyncAttribute SourceName="timestamp" GlobalName="timestamp" Type="string" IsNullable="true" Autogenerated="false"/>
    </SyncAttributes>
    <Relationships/>
    <FilterParameters>
        <ClientFilterParameters/>
        <ServerFilterParameters/>
    </FilterParameters>
    <Operations>
        <Operation Name="Create" DataSource="CarelogicServices" ServiceID="None">
            <InputHeader/>
            <Input/>
            <Output/>
        </Operation>
        <Operation Name="Update" DataSource="CarelogicServices" ServiceID="None">
            <InputHeader/>
            <Input/>
            <Output/>
        </Operation>
        <Operation Name="Delete" DataSource="CarelogicServices" ServiceID="None">
            <InputHeader/>
            <Input/>
            <Output/>
        </Operation>
        <Operation Name="BulkCreate" DataSource="CarelogicServices" ServiceID="None">
            <InputHeader/>
            <Input/>
            <Output/>
        </Operation>
        <Operation Name="BulkUpdate" DataSource="CarelogicServices" ServiceID="None">
            <InputHeader/>
            <Input/>
            <Output/>
        </Operation>
        <Operation Name="BulkDelete" DataSource="CarelogicServices" ServiceID="None">
            <InputHeader/>
            <Input/>
            <Output/>
        </Operation>
        <Operation Name="BulkGet" DataSource="CarelogicServices" ServiceID="None">
            <InputHeader/>
            <Input/>
            <Output/>
        </Operation>
        <Operation Name="get" DataSource="CarelogicServices" ServiceID="None">
            <InputHeader/>
            <Input/>
            <Output/>
        </Operation>
        <Operation Name="getUpdated" DataSource="CarelogicServices" ServiceID="getImpactsInfo">
            <InputHeader>
                <Param Name="Authorization" SourceValue="Authorization" Source="CONTEXT"/>
                <Param Name="Content-Type" SourceValue="application/json" Source="CONSTANT"/>
            </InputHeader>
            <Input>
                <Param Name="deviceId" SourceValue="deviceId" Source="CONTEXT"/>
                <Param Name="lastSync" SourceValue="lastSync" Source="CONTEXT"/>
                <Param Name="syncId" SourceValue="syncId" Source="CONTEXT"/>
            </Input>
            <Output>
                <Param Name="subtotals.subtotals_expresion" SourceValue="subtotalsExpresion" Source="ATTRIBUTE"/>
                <Param Name="subtotals.subtotals_sequence" SourceValue="subtotalsSequence" Source="ATTRIBUTE"/>
                <Param Name="subtotals.subtotals_text" SourceValue="subtotalsText" Source="ATTRIBUTE"/>
                <Param Name="subtotals.subtotals_id" SourceValue="subtotalsId" Source="ATTRIBUTE"/>
                <Param Name="measure_lastModifiedDate" SourceValue="measure_lastModifiedDate" Source="ATTRIBUTE"/>
                <Param Name="subtotals.subtotalsMeasureId" SourceValue="subtotalsMeasureId" Source="ATTRIBUTE"/>
            </Output>
        </Operation>
        <Operation Name="getDeleted" DataSource="CarelogicServices" ServiceID="None">
            <InputHeader/>
            <Input/>
            <Output/>
        </Operation>
        <Operation Name="getBatch" DataSource="CarelogicServices" ServiceID="None">
            <InputHeader/>
            <Input/>
            <Output/>
        </Operation>
    </Operations>
</SyncObject>
