<?xml version="1.0" encoding="UTF-8" standalone="yes"?>
<SyncObject Generated="false" SourceName="SECURITYRULES" GlobalName="SECURITYRULES">
    <SyncAttributes>
        <Key>
            <Attribute GlobalName="staffId"/>
        </Key>
        <SyncAttribute SourceName="autoLogoffInterval" GlobalName="autoLogoffInterval" Type="string" IsNullable="true" Autogenerated="false"/>
        <SyncAttribute SourceName="beginDate" GlobalName="beginDate" Type="string" IsNullable="true" Autogenerated="false"/>
        <SyncAttribute SourceName="expirationDays" GlobalName="expirationDays" Type="string" IsNullable="true" Autogenerated="false"/>
        <SyncAttribute SourceName="firstName" GlobalName="firstName" Type="string" IsNullable="true" Autogenerated="false"/>
        <SyncAttribute SourceName="lastName" GlobalName="lastName" Type="string" IsNullable="true" Autogenerated="false"/>
        <SyncAttribute SourceName="lockoutInterval" GlobalName="lockoutInterval" Type="string" IsNullable="true" Autogenerated="false"/>
        <SyncAttribute SourceName="maximunAttempts" GlobalName="maximunAttempts" Type="string" IsNullable="true" Autogenerated="false"/>
        <SyncAttribute SourceName="organizationId" GlobalName="organizationId" Type="string" IsNullable="true" Autogenerated="false"/>
        <SyncAttribute SourceName="resumeInterval" GlobalName="resumeInterval" Type="string" IsNullable="true" Autogenerated="false"/>
        <SyncAttribute SourceName="securityRuleId" GlobalName="securityRuleId" Type="string" IsNullable="true" Autogenerated="false"/>
        <SyncAttribute SourceName="staffId" GlobalName="staffId" Type="string" IsNullable="true" Autogenerated="false"/>
        <SyncAttribute SourceName="warningDays" GlobalName="warningDays" Type="string" IsNullable="true" Autogenerated="false"/>
        <SyncAttribute SourceName="beginDatePassword" GlobalName="beginDatePassword" Type="string" IsNullable="true" Autogenerated="false"/>
        <SyncAttribute SourceName="displayName" GlobalName="displayName" Type="string" IsNullable="true" Autogenerated="false"/>
        <SyncAttribute SourceName="primaryOrganizationId" GlobalName="primaryOrganizationId" Type="string" IsNullable="true" Autogenerated="false"/>
    </SyncAttributes>
    <Relationships/>
    <FilterParameters>
        <ClientFilterParameters/>
        <ServerFilterParameters/>
    </FilterParameters>
    <Operations>
        <Operation Name="Create" DataSource="Login" ServiceID="None">
            <InputHeader/>
            <Input/>
            <Output/>
        </Operation>
        <Operation Name="Update" DataSource="Login" ServiceID="None">
            <InputHeader/>
            <Input/>
            <Output/>
        </Operation>
        <Operation Name="Delete" DataSource="Login" ServiceID="None">
            <InputHeader/>
            <Input/>
            <Output/>
        </Operation>
        <Operation Name="BulkCreate" DataSource="Login" ServiceID="None">
            <InputHeader/>
            <Input/>
            <Output/>
        </Operation>
        <Operation Name="BulkUpdate" DataSource="Login" ServiceID="None">
            <InputHeader/>
            <Input/>
            <Output/>
        </Operation>
        <Operation Name="BulkDelete" DataSource="Login" ServiceID="None">
            <InputHeader/>
            <Input/>
            <Output/>
        </Operation>
        <Operation Name="BulkGet" DataSource="Login" ServiceID="None">
            <InputHeader/>
            <Input/>
            <Output/>
        </Operation>
        <Operation Name="get" DataSource="Login" ServiceID="None">
            <InputHeader/>
            <Input/>
            <Output/>
        </Operation>
        <Operation Name="getUpdated" DataSource="Login" ServiceID="retrieveUser">
            <InputHeader>
                <Param Name="Authorization" SourceValue="Authorization" Source="CONTEXT"/>
                <Param Name="Content-Type" SourceValue="application/json" Source="CONSTANT"/>
            </InputHeader>
            <Input/>
            <Output>
                <Param Name="lastName" SourceValue="lastName" Source="ATTRIBUTE"/>
                <Param Name="expirationDays" SourceValue="expirationDays" Source="ATTRIBUTE"/>
                <Param Name="securityRuleId" SourceValue="securityRuleId" Source="ATTRIBUTE"/>
                <Param Name="autoLogoffInterval" SourceValue="autoLogoffInterval" Source="ATTRIBUTE"/>
                <Param Name="maximunAttempts" SourceValue="maximunAttempts" Source="ATTRIBUTE"/>
                <Param Name="organizationId" SourceValue="organizationId" Source="ATTRIBUTE"/>
                <Param Name="firstName" SourceValue="firstName" Source="ATTRIBUTE"/>
                <Param Name="beginDate" SourceValue="beginDate" Source="ATTRIBUTE"/>
                <Param Name="lockoutInterval" SourceValue="lockoutInterval" Source="ATTRIBUTE"/>
                <Param Name="resumeInterval" SourceValue="resumeInterval" Source="ATTRIBUTE"/>
                <Param Name="staffId" SourceValue="staffId" Source="ATTRIBUTE"/>
                <Param Name="warningDays" SourceValue="warningDays" Source="ATTRIBUTE"/>
                <Param Name="beginDatePassword" SourceValue="beginDatePassword" Source="ATTRIBUTE"/>
                <Param Name="displayName" SourceValue="displayName" Source="ATTRIBUTE"/>
                <Param Name="primaryOrganizationId" SourceValue="primaryOrganizationId" Source="ATTRIBUTE"/>
            </Output>
        </Operation>
        <Operation Name="getDeleted" DataSource="Login" ServiceID="None">
            <InputHeader/>
            <Input/>
            <Output/>
        </Operation>
        <Operation Name="getBatch" DataSource="Login" ServiceID="None">
            <InputHeader/>
            <Input/>
            <Output/>
        </Operation>
    </Operations>
</SyncObject>
